WLK,BWE,SMS,WMV,FAS,DII,BUR,POM,KPK,ARG,Rank,Team,Conf,DAV,SGR,DOL,BIH,STH,TRK,BLS,BBT,PRR,MAS,DOK,SAG,RTH,FSH,SPR,TPR,JJK,CNG,SEL,TRP,STM,ZAM,KRA,WOB,LOG,RT,COX,PGH,SP,COL,EBP,WOL,DUN,WIL,YAG,LMC,HAS,DC2,KPI,LAB,REW,MMG,ESR,DCI,SMN,SFX,RPI,RTP,PIG,MOR,7OT,JNG,SPW,DDB,season,win_pct
1,2,1,2,2,2,1,2,2,2,,1 Villanova,BE,1,2,2,2,2,3,1,2,2,2,1,1,2,1,2,1,2,1,2,1,2,1,2,2,1,1.0,1,2,1,2,1,2,2,2,1,1,1,1,2,1,2,1,2,2,2,1,2,2,1,2,1,3,2,2,2018,0.8823529411764706
2,1,2,1,1,1,2,1,1,1,,2 Virginia,ACC,2,1,1,1,1,1,4,1,1,1,3,2,1,2,1,2,1,4,1,3,1,2,1,1,3,4.0,2,1,3,1,2,1,1,1,2,2,2,2,1,2,1,5,1,1,1,2,1,1,3,1,2,1,1,5,2018,0.9393939393939394
3,3,3,3,4,3,3,3,3,5,,3 Duke,ACC,3,3,8,6,3,2,2,3,3,9,2,3,3,3,5,3,9,2,7,2,3,5,7,7,2,2.0,3,8,2,7,3,7,5,7,3,3,3,3,6,7,8,3,8,5,9,2,7,7,4,3,5,6,9,3,2018,0.7878787878787878
5,6,7,8,8,5,4,4,4,3,,4 Cincinnati,AAC,7,5,7,5,7,4,8,4,4,4,6,7,5,7,6,4,4,8,5,6,5,8,4,5,7,5.0,6,5,7,5,5,3,4,5,7,4,5,4,7,3,3,11,10,10,6,7,6,4,9,8,8,8,3,4,2018,0.8823529411764706
6,5,4,6,3,4,8,6,6,4,,5 Michigan St,B10,5,7,3,4,5,6,5,8,7,6,4,4,4,6,12,7,5,5,6,5,9,4,6,6,6,7.0,5,6,5,6,6,5,3,6,5,7,7,7,14,6,4,2,3,12,21,7,14,6,8,5,22,11,5,9,2018,0.8787878787878788
4,4,6,5,6,6,7,5,7,6,,6 Purdue,B10,4,4,5,8,4,5,3,6,5,10,5,5,8,4,8,5,7,3,8,4,4,3,8,8,4,3.0,4,10,4,10,4,9,7,9,4,6,4,5,11,4,7,4,9,13,12,7,9,8,13,4,3,10,7,6,2018,0.8235294117647058
8,8,5,4,7,8,6,9,5,7,,7 Kansas,B12,9,9,9,7,6,8,6,13,9,7,8,6,7,5,3,9,6,6,3,7,6,6,5,3,9,9.0,7,4,6,4,8,6,11,3,10,9,10,9,3,5,10,6,6,4,3,6,5,5,7,6,6,2,6,19,2018,0.7941176470588235
7,7,8,9,9,10,5,7,9,9,,8 North Carolina,ACC,6,6,10,9,8,7,7,7,6,8,7,8,9,9,10,6,11,7,10,8,7,7,9,10,5,8.0,10,9,8,9,7,8,13,9,8,8,6,8,5,9,17,7,5,6,4,5,4,9,6,7,4,5,10,12,2018,0.7142857142857143
9,10,9,7,5,7,9,14,8,8,,9 Xavier,BE,11,8,4,3,10,15,11,10,19,12,13,12,6,8,4,12,3,11,4,11,14,14,3,4,10,14.0,9,3,11,3,13,4,8,4,14,14,15,10,4,10,5,10,4,11,5,14,3,3,16,13,10,4,4,11,2018,0.8484848484848485
11,12,12,12,10,11,11,8,11,12,1.0,0 Gonzaga,WCC,8,10,12,10,11,10,9,5,8,5,10,10,11,10,16,8,8,10,19,10,10,9,11,11,8,6.0,11,17,10,17,9,10,9,17,6,5,8,6,27,8,6,8,12,9,23,11,21,10,10,11,7,15,8,1,2018,0.8823529411764706
12,9,11,11,12,9,10,10,12,11,1.0,1 Michigan,B10,10,12,6,12,14,9,13,9,15,3,14,11,10,12,14,10,12,14,12,13,11,10,12,12,11,19.0,8,11,13,15,14,11,6,13,15,13,9,14,19,11,9,17,7,3,17,2,12,14,2,9,26,14,11,7,2018,0.8
10,11,10,10,11,12,12,11,10,10,1.0,2 Tennessee,SEC,13,13,11,11,9,12,14,14,11,11,17,17,12,17,11,15,10,13,9,15,15,13,10,9,12,16.0,14,7,19,8,15,12,18,7,13,12,14,19,8,16,13,14,11,16,8,14,8,12,11,14,18,7,16,17,2018,0.7575757575757576
15,15,14,13,13,13,14,13,17,14,1.0,3 West Virginia,B12,15,24,15,15,18,11,10,21,13,16,9,9,13,11,9,11,17,9,15,9,16,11,13,13,16,13.0,13,15,9,20,10,16,14,9,9,10,12,17,17,12,20,12,13,15,10,11,27,30,14,17,20,9,37,8,2018,0.7058823529411765
13,20,16,16,14,15,17,12,18,16,1.0,4 Texas Tech,B12,12,20,14,14,15,13,12,19,10,18,12,13,14,14,7,13,19,12,16,14,12,12,14,16,14,12.0,12,18,12,19,11,18,16,12,12,15,21,13,15,19,18,9,14,18,13,11,23,28,17,10,38,13,31,37,2018,0.7272727272727273
21,19,17,18,16,17,18,20,14,17,1.0,5 Wichita St,AAC,20,14,20,18,12,25,15,12,21,20,11,15,17,16,18,17,15,17,17,12,21,15,16,17,18,10.0,17,16,14,14,12,14,19,18,11,19,18,12,13,15,12,15,20,19,15,20,16,11,22,18,16,19,13,20,2018,0.78125
17,14,13,17,18,18,16,18,15,19,1.0,6 Kentucky,SEC,19,16,18,21,20,17,18,22,16,14,22,14,18,15,15,20,16,18,14,16,17,16,17,18,20,20.0,19,13,15,13,21,20,15,14,20,16,20,23,9,20,22,16,17,7,7,7,10,19,5,12,15,17,24,57,2018,0.7058823529411765
14,17,15,14,17,14,13,16,13,13,1.0,7 Auburn,SEC,17,15,17,13,16,18,16,11,14,21,15,33,15,19,13,16,14,15,13,20,13,22,15,15,13,17.0,20,14,24,12,19,13,12,14,19,17,19,15,10,17,11,18,18,33,11,25,15,15,37,22,33,12,19,31,2018,0.78125
19,18,19,15,19,16,19,21,16,18,1.0,8 Arizona,P12,22,22,19,16,17,21,22,20,25,13,18,16,20,13,17,24,13,25,11,17,42,17,18,14,21,23.0,15,12,16,11,20,19,20,16,29,21,27,20,12,13,16,26,22,8,14,14,13,13,15,15,28,16,15,13,2018,0.7941176470588235
16,13,18,19,20,19,22,15,21,21,1.0,9 Ohio St,B10,14,11,13,19,22,14,17,18,12,19,19,22,19,18,25,21,20,16,20,22,8,18,21,20,15,11.0,16,21,20,18,16,21,17,20,16,22,11,18,21,23,15,13,15,26,24,20,20,18,20,16,11,25,18,16,2018,0.75
18,16,20,21,15,21,15,17,19,15,2.0,0 Houston,AAC,16,18,22,20,21,16,19,16,18,15,20,20,22,26,19,14,21,21,21,21,19,23,20,21,17,15.0,23,22,22,22,17,15,10,23,18,11,13,11,26,14,14,24,19,14,28,14,18,21,12,19,14,23,22,40,2018,0.7878787878787878
20,21,21,20,21,20,21,19,20,20,2.0,1 Clemson,ACC,18,19,16,17,19,19,23,17,20,17,23,24,16,22,21,18,18,23,18,24,20,26,19,19,19,21.0,22,19,26,16,18,17,25,19,24,24,23,21,16,22,19,23,16,22,16,20,11,20,23,20,24,20,27,33,2018,0.71875
22,23,22,22,22,22,23,22,23,23,2.0,2 TCU,B12,21,23,24,24,23,24,21,24,22,35,21,19,21,21,24,22,27,19,23,19,24,19,24,23,25,22.0,18,23,17,26,22,26,21,23,21,23,22,24,23,26,38,22,25,17,22,18,26,32,18,21,17,24,38,42,2018,0.65625
23,22,27,25,24,23,20,23,25,25,2.0,3 Florida,SEC,30,28,33,28,26,20,24,28,23,31,16,18,23,25,20,19,31,24,26,18,18,30,25,27,23,31.0,21,26,18,33,24,31,38,25,32,20,16,29,18,34,40,20,34,20,19,18,46,45,19,24,12,18,56,21,2018,0.625
24,28,23,24,27,34,27,24,22,22,2.0,4 Nevada,MWC,25,17,26,22,13,31,26,15,17,26,32,39,35,43,38,23,22,26,25,40,30,34,32,25,22,18.0,34,27,41,21,30,24,42,34,48,18,50,16,22,18,26,32,38,68,38,63,17,16,62,45,9,38,12,25,2018,0.7941176470588235
26,26,25,27,25,30,25,26,29,31,2.0,5 Seton Hall,BE,27,26,27,32,29,26,29,27,28,36,27,26,25,27,33,27,32,30,28,26,22,36,28,31,26,25.0,26,29,29,30,28,32,34,27,27,30,30,33,30,30,43,27,26,27,35,25,31,36,24,23,30,29,46,60,2018,0.65625
25,25,24,23,23,24,30,37,24,24,2.0,6 Arkansas,SEC,28,40,23,23,27,33,28,40,39,22,35,31,26,31,22,40,24,29,22,30,26,28,22,22,37,36.0,29,20,35,23,38,25,27,20,31,33,33,49,24,28,30,28,24,24,20,30,30,33,26,30,47,22,42,65,2018,0.6764705882352942
28,30,26,26,28,26,26,30,26,26,2.0,7 Texas A&M,SEC,36,30,28,29,24,29,27,30,24,33,28,27,27,41,23,25,30,27,24,29,31,21,27,26,30,24.0,30,24,30,27,36,29,45,25,34,27,34,38,20,32,41,25,27,42,18,25,29,38,40,28,29,21,45,68,2018,0.625
27,24,28,29,29,29,24,25,31,29,2.0,8 Butler,BE,29,31,35,35,43,22,25,41,27,38,24,28,30,24,30,26,40,22,33,25,23,35,34,37,24,30.0,25,37,28,39,25,41,28,33,22,26,17,37,38,36,49,31,37,38,34,25,41,54,28,27,40,32,70,48,2018,0.6060606060606061
29,27,30,28,26,28,32,27,30,33,2.0,9 Creighton,BE,23,46,31,33,42,28,20,32,38,51,30,21,28,20,27,28,35,20,31,23,29,20,29,33,27,29.0,24,35,21,40,23,36,37,28,25,34,26,30,45,43,31,19,36,46,33,30,44,51,51,43,35,39,62,18,2018,0.65625
32,34,29,30,30,31,31,36,28,28,3.0,0 Miami FL,ACC,34,37,21,25,31,39,40,35,42,24,38,32,33,30,32,38,26,40,29,32,36,53,26,28,34,37.0,44,28,32,28,35,22,32,29,44,45,41,42,28,40,24,42,21,45,37,35,28,31,38,33,27,26,33,70,2018,0.7096774193548387
36,40,38,36,32,44,45,28,32,27,3.0,1 St Mary's CA,WCC,40,25,34,31,28,37,43,25,29,42,31,42,43,32,44,46,23,43,39,37,28,33,36,32,33,34.0,41,39,37,29,26,30,23,50,30,25,49,22,55,21,21,43,49,56,54,51,40,24,84,58,42,49,20,26,2018,0.8484848484848485
31,29,35,33,35,33,47,33,36,34,3.0,2 Louisville,ACC,24,34,43,39,33,27,34,34,34,28,29,23,34,23,45,37,42,32,40,28,41,32,40,42,31,26.0,27,43,23,42,31,40,30,39,40,39,25,44,53,35,57,38,42,32,43,20,38,47,29,26,32,44,65,45,2018,0.6060606060606061
33,35,31,31,34,36,40,49,27,32,3.0,3 Rhode Island,A10,42,21,32,26,25,55,49,26,40,29,40,45,44,38,54,43,25,49,30,41,45,42,37,30,35,32.0,59,30,46,24,32,28,57,44,35,36,58,25,34,27,29,50,28,40,39,42,19,17,63,35,13,30,17,77,2018,0.78125
30,33,37,37,33,27,28,32,33,35,3.0,4 Virginia Tech,ACC,31,45,30,34,31,30,32,36,46,32,36,37,31,34,26,36,37,35,42,36,32,51,35,36,29,28.0,42,42,33,47,29,34,29,35,33,47,31,39,40,33,25,30,29,28,32,35,61,56,34,32,76,33,59,54,2018,0.65625
37,31,32,32,40,40,38,40,34,38,3.0,5 USC,P12,43,36,54,44,30,34,42,42,30,39,39,35,48,36,48,50,38,41,32,42,37,24,49,40,42,44.0,35,33,40,31,42,48,35,45,47,32,39,41,33,24,56,52,60,23,45,30,34,35,33,37,21,43,44,14,2018,0.6764705882352942
40,41,39,38,31,25,35,44,39,39,3.0,6 Kansas St,B12,47,59,25,27,36,44,46,45,51,25,44,41,24,33,34,45,29,45,27,44,35,41,23,24,53,63.0,43,25,44,34,47,27,33,20,38,53,28,65,39,31,37,45,23,21,26,35,53,49,42,47,50,27,63,52,2018,0.6666666666666666
38,46,43,42,37,32,34,39,44,45,3.0,7 Texas,B12,39,48,38,38,40,38,39,47,31,47,42,29,29,37,37,35,47,38,38,33,38,38,31,35,45,51.0,32,38,34,56,40,44,49,32,52,35,36,61,44,55,66,37,32,31,30,35,51,72,35,31,39,36,88,29,2018,0.5757575757575758
34,42,44,39,36,37,46,35,35,36,3.0,8 Florida St,ACC,33,47,41,43,37,40,31,33,47,48,26,34,36,29,39,29,49,37,45,35,43,45,43,52,41,41.0,31,51,31,50,39,37,48,45,37,50,56,45,46,68,35,29,41,63,46,42,54,61,55,29,48,42,75,44,2018,0.6451612903225806
47,38,33,35,42,43,44,38,41,40,3.0,9 Missouri,SEC,35,61,47,45,35,36,37,44,32,56,41,43,40,55,36,48,44,36,35,39,27,37,42,41,46,50.0,36,36,42,38,46,46,52,38,50,49,35,56,32,65,47,39,51,43,41,51,43,58,47,38,43,35,68,35,2018,0.625
48,36,34,48,49,47,43,42,38,30,4.0,0 Loyola-Chicago,MVC,44,32,39,30,33,45,64,23,33,23,68,62,54,60,55,42,28,63,41,63,56,39,48,29,43,55.0,64,32,67,25,50,23,26,50,61,42,60,27,41,25,28,80,48,35,59,42,22,22,45,61,56,51,14,83,2018,0.8484848484848485
41,37,49,43,38,39,29,41,42,50,4.0,1 NC State,ACC,41,50,40,37,60,41,44,43,55,44,52,48,38,48,43,30,41,46,47,53,51,50,38,44,39,39.0,53,46,50,48,45,45,36,39,28,46,38,55,42,53,32,40,39,41,36,35,64,53,41,51,88,31,57,38,2018,0.65625
39,49,46,44,44,35,37,34,53,48,4.0,2 Baylor,B12,38,49,52,54,53,32,33,59,37,59,33,30,37,28,35,32,62,31,54,27,46,25,44,56,40,40.0,38,55,25,63,37,54,31,41,23,41,29,48,57,71,65,36,46,36,42,30,68,82,31,34,46,45,94,59,2018,0.5625
35,32,36,46,52,50,42,29,51,47,4.0,3 Penn St,B10,26,33,55,65,58,23,30,55,26,46,34,38,53,44,50,33,67,28,63,34,33,29,64,66,28,33.0,28,68,38,70,27,72,22,62,17,28,24,34,69,38,73,35,57,39,71,20,77,80,25,25,37,70,84,75,2018,0.6176470588235294
44,39,40,41,43,42,36,48,43,49,4.0,4 UCLA,P12,49,51,51,46,46,46,47,58,54,45,46,44,46,35,41,49,39,47,37,46,59,48,47,39,67,52.0,50,34,45,35,55,49,41,41,56,37,48,58,35,39,42,47,55,37,40,35,36,44,30,54,66,41,50,96,2018,0.65625
46,59,51,40,39,41,49,47,46,41,4.0,5 Oklahoma,B12,53,60,36,41,40,51,38,61,50,62,25,36,32,40,28,41,48,39,36,38,44,43,33,38,49,48.0,40,40,36,51,43,39,72,30,42,55,53,63,31,77,50,33,40,64,31,63,49,77,75,36,49,34,87,36,2018,0.5806451612903226
42,43,47,49,51,52,50,31,48,46,4.0,6 Notre Dame,ACC,37,57,57,60,55,35,35,48,36,52,37,25,47,46,46,34,64,34,58,31,25,31,56,61,32,35.0,37,62,27,64,34,59,56,56,26,31,42,50,63,56,74,34,54,51,60,42,70,84,43,41,97,56,99,24,2018,0.5882352941176471
43,56,52,34,41,53,41,45,45,43,4.0,7 Arizona St,P12,52,54,60,57,39,50,36,54,35,77,43,49,45,53,29,31,51,33,43,48,40,44,51,49,50,45.0,33,48,43,41,44,60,69,48,41,29,65,43,37,41,33,21,71,90,51,75,66,59,102,52,75,52,74,55,2018,0.6451612903225806
45,48,54,45,48,49,33,51,49,42,4.0,8 Alabama,SEC,69,66,56,53,53,48,48,65,52,50,48,46,50,50,42,39,54,48,44,45,63,60,45,45,62,61.0,54,41,49,46,54,56,44,41,64,38,45,70,25,52,77,53,56,48,25,51,42,68,36,40,41,37,81,74,2018,0.5588235294117647
60,51,50,51,46,48,39,64,50,57,4.0,9 Providence,BE,73,64,37,42,71,62,61,78,72,27,60,55,52,45,40,55,36,60,34,52,73,67,30,34,70,69.0,56,31,55,36,65,47,64,30,72,57,52,86,29,59,48,65,35,29,29,35,32,42,27,46,77,28,53,105,2018,0.6176470588235294
53,57,42,62,56,65,57,52,40,37,5.0,0 MTSU,CUSA,45,27,49,48,37,57,56,37,43,70,61,64,67,61,65,44,46,58,60,65,69,61,62,55,36,43.0,71,60,63,45,48,43,40,63,66,52,66,28,49,54,39,66,47,59,64,63,33,26,90,73,23,53,23,49,2018,0.7741935483870968
50,52,56,47,50,54,59,54,54,58,5.0,1 Syracuse,ACC,46,52,53,55,49,52,54,60,53,55,49,50,49,47,59,58,55,52,48,55,50,52,52,53,55,64.0,46,52,48,44,52,58,55,52,67,54,51,69,43,58,63,46,50,62,49,51,45,48,64,44,31,48,67,15,2018,0.6060606060606061
52,45,57,58,63,64,53,50,57,53,5.0,2 San Diego St,MWC,51,55,69,71,47,49,45,53,44,41,50,52,66,65,56,53,65,44,64,50,34,46,71,67,51,46.0,39,65,51,62,51,66,51,69,46,44,37,31,65,48,51,44,70,34,75,42,62,63,32,49,25,63,58,10,2018,0.6875
67,60,41,60,57,55,58,55,58,44,5.0,3 New Mexico St,WAC,48,43,42,40,52,59,63,31,41,34,56,67,59,64,63,57,33,59,55,71,58,56,54,46,64,56.0,82,53,70,37,69,35,59,58,55,40,74,32,67,29,23,72,44,60,61,87,35,27,66,104,34,50,21,28,2018,0.8484848484848485
54,55,64,52,47,38,48,56,63,61,5.0,4 Oklahoma St,B12,57,72,46,52,63,47,50,73,63,49,47,47,39,39,31,47,57,51,49,47,57,71,39,51,60,72.0,47,47,47,61,57,52,53,36,49,59,32,81,48,63,55,49,45,25,27,25,88,91,21,42,117,46,105,23,2018,0.5757575757575758
49,50,60,50,45,46,54,53,52,62,5.0,5 Marquette,BE,54,63,45,50,62,54,51,67,61,43,53,51,41,42,51,56,53,53,46,49,53,49,41,47,54,60.0,51,45,52,54,49,50,50,36,43,70,40,74,50,76,59,48,43,58,44,63,58,70,52,50,44,47,82,93,2018,0.59375
58,44,58,55,53,45,51,57,60,60,5.0,6 Nebraska,B10,56,56,29,47,56,53,59,56,56,37,67,58,42,51,60,54,45,57,51,66,52,70,50,48,61,73.0,58,50,65,53,63,51,24,48,60,62,46,80,64,70,46,57,31,44,63,42,56,55,46,53,89,68,52,107,2018,0.6875
59,54,45,56,55,61,64,69,37,52,5.0,7 St Bonaventure,A10,60,39,44,36,45,70,70,51,69,53,75,60,62,57,69,70,34,73,50,67,78,69,53,43,59,53.0,72,44,64,32,58,33,43,54,54,72,79,59,36,47,27,69,30,67,48,75,24,23,76,60,54,40,26,159,2018,0.78125
56,53,59,57,62,57,67,46,69,67,5.0,8 Maryland,B10,32,38,59,69,65,42,41,52,48,68,45,40,55,52,61,59,73,42,67,43,39,47,67,68,47,42.0,45,72,39,77,41,78,46,65,39,67,43,53,76,73,84,41,58,54,67,63,74,81,59,39,36,81,86,22,2018,0.59375
51,47,48,64,67,71,60,43,47,54,5.0,9 Davidson,A10,50,58,80,85,67,43,52,63,45,60,54,53,76,62,68,67,74,50,72,51,48,27,77,77,38,47.0,55,70,53,71,33,73,61,78,36,43,44,40,73,66,64,60,77,30,78,30,47,67,39,48,58,67,69,67,2018,0.65625
57,62,66,53,58,66,65,58,61,56,6.0,0 Boise St,MWC,58,42,58,56,51,58,53,62,49,72,57,61,63,59,57,61,58,55,57,60,49,78,63,59,58,57.0,57,61,58,52,56,57,66,61,45,61,61,51,62,67,44,58,62,99,69,63,50,41,86,63,57,64,40,30,2018,0.7419354838709677
55,58,65,54,54,51,55,62,65,63,6.0,1 Mississippi St,SEC,59,68,50,51,66,56,57,70,62,54,55,65,51,56,49,64,52,56,52,59,54,55,46,50,69,77.0,69,49,66,55,68,53,47,45,57,63,57,77,58,62,45,55,53,47,50,51,73,69,53,67,103,54,72,130,2018,0.6666666666666666
64,67,62,67,69,72,68,60,64,64,6.0,2 WKU,CUSA,55,29,65,68,48,68,58,49,58,66,72,76,78,82,67,51,68,62,73,82,60,40,78,69,48,27.0,62,78,78,65,60,71,63,78,88,48,87,35,59,42,60,71,69,76,84,51,39,40,58,70,51,73,35,56,2018,0.7058823529411765
63,61,68,61,59,56,63,65,66,65,6.0,3 Utah,P12,70,70,62,59,57,60,62,68,66,69,59,57,58,54,52,69,59,61,53,64,65,63,57,54,78,62.0,60,54,57,57,79,62,62,53,77,82,70,72,47,80,52,54,68,57,53,51,59,66,74,59,68,59,79,50,2018,0.6333333333333333
68,66,53,66,68,68,76,76,56,71,6.0,4 Buffalo,MAC,67,35,72,64,44,82,80,46,73,61,79,73,79,76,83,73,56,82,65,84,71,85,70,60,63,38.0,84,63,76,43,81,55,65,72,76,60,85,46,60,37,67,87,32,55,77,51,25,25,49,78,19,58,28,32,2018,0.7647058823529411
66,68,63,71,65,63,66,59,55,51,6.0,5 Murray St,OVC,66,41,63,58,50,76,79,29,67,40,81,82,73,104,72,63,50,80,71,76,82,54,68,64,52,54.0,78,66,88,60,62,42,75,75,84,68,69,36,72,60,34,90,64,72,72,75,48,29,61,66,52,57,25,39,2018,0.8387096774193549
65,64,72,59,60,60,62,75,67,69,6.0,6 Oregon,P12,71,69,70,63,70,64,60,77,68,67,51,54,60,49,58,71,60,66,56,54,72,58,59,58,79,65.0,52,56,54,58,71,68,60,57,99,64,76,75,56,44,61,62,76,53,56,75,72,65,78,68,74,65,77,27,2018,0.6470588235294118
70,70,55,68,66,59,72,77,68,70,6.0,7 S Dakota St,SL,81,67,48,49,63,83,81,57,74,30,91,81,69,79,70,84,43,77,66,85,61,72,61,57,75,70.0,79,57,89,49,86,38,54,64,75,79,67,60,80,45,36,89,52,49,76,42,37,34,50,117,45,55,29,106,2018,0.8235294117647058
62,65,69,65,64,58,52,63,72,66,6.0,8 Georgia,SEC,80,86,61,61,72,63,65,75,70,58,58,59,56,58,53,52,66,64,59,56,55,75,55,63,68,88.0,49,58,61,66,73,61,68,54,65,56,47,92,51,81,85,56,59,52,47,51,79,96,44,57,119,60,123,109,2018,0.5454545454545454
61,63,70,63,61,62,56,61,71,68,6.0,9 LSU,SEC,61,78,68,67,75,61,55,76,60,74,65,70,57,66,47,60,70,54,62,61,67,57,58,65,65,71.0,61,64,68,72,64,67,73,58,68,66,55,85,52,95,75,61,67,69,52,42,94,95,60,55,108,61,111,71,2018,0.5483870967741935
69,71,61,77,73,83,73,66,59,59,7.0,0 ULL,SBC,75,44,64,62,59,72,68,39,59,76,63,84,90,81,78,72,72,65,82,62,47,64,87,82,44,58.0,80,85,79,69,53,64,67,93,71,58,62,26,93,50,72,93,61,79,96,63,63,37,99,79,53,71,30,41,2018,0.8181818181818182
73,69,67,70,71,79,88,67,62,55,7.0,1 Old Dominion,CUSA,83,65,66,66,61,65,66,69,71,71,74,74,86,74,73,80,63,68,78,78,70,65,81,74,56,59.0,73,80,73,67,61,69,39,82,58,78,90,52,79,51,62,70,72,87,79,63,78,43,68,74,65,78,36,85,2018,0.78125
74,79,76,73,74,78,77,70,74,75,7.0,2 BYU,WCC,72,62,75,72,68,75,77,72,65,63,70,69,80,71,79,85,71,78,76,77,79,76,75,72,73,66.0,70,77,71,68,80,77,89,76,59,69,91,66,77,46,71,82,73,98,81,107,67,52,97,86,64,72,47,34,2018,0.7058823529411765
71,72,78,76,70,70,71,72,77,78,7.0,3 Boston College,ACC,64,80,67,74,84,69,71,79,79,64,77,75,61,77,71,66,79,75,75,73,68,68,65,76,74,90.0,63,75,74,86,74,76,85,68,51,73,64,89,75,83,86,63,65,61,55,63,95,103,54,62,135,74,127,90,2018,0.5588235294117647
80,81,73,86,79,84,84,73,70,72,7.0,4 Vermont,AEC,62,53,71,70,77,87,87,38,75,82,71,83,95,86,93,65,69,87,96,80,84,77,86,85,57,67.0,91,92,86,82,59,63,74,95,63,51,103,47,85,49,69,101,63,115,82,87,60,39,107,84,62,66,32,58,2018,0.7941176470588235
81,80,75,90,80,76,70,82,73,73,7.0,5 UNC Greensboro,SC,65,75,78,77,78,91,103,66,78,65,102,103,93,98,95,62,80,104,84,99,74,89,84,81,72,75.0,102,83,108,76,88,70,58,95,81,71,94,67,86,57,53,104,66,75,97,51,65,50,77,76,63,69,34,66,2018,0.7941176470588235
75,82,71,84,85,77,81,68,76,74,7.0,6 South Dakota,SL,63,73,83,78,73,77,75,50,57,81,87,88,91,101,86,76,88,72,92,83,64,62,94,86,66,79.0,83,89,90,87,66,80,71,95,70,65,71,54,115,72,79,83,88,77,92,42,91,79,82,158,85,86,55,103,2018,0.7647058823529411
78,78,81,74,76,69,61,80,87,89,7.0,7 St John's,BE,76,83,76,81,90,71,69,92,80,73,78,68,65,75,62,68,85,67,74,70,77,83,69,78,86,87.0,65,74,69,88,84,89,77,65,74,81,63,102,71,94,83,51,78,80,62,63,96,111,69,77,107,116,135,131,2018,0.48484848484848486
72,76,77,72,75,67,69,81,83,77,7.0,8 South Carolina,SEC,78,99,77,76,80,73,72,86,81,80,69,72,64,67,66,74,83,74,69,72,76,66,66,73,87,98.0,67,69,72,80,89,81,80,65,87,83,68,100,68,101,87,73,80,66,57,75,90,112,73,72,136,95,136,153,2018,0.5151515151515151
88,77,74,82,91,73,87,71,82,83,7.0,9 Montana,BSC,77,77,74,75,69,80,82,64,77,57,93,98,104,113,80,81,75,81,81,104,62,88,89,83,84,80.0,90,81,102,78,105,82,76,87,69,75,73,57,98,64,76,105,81,73,94,75,76,64,67,110,90,79,43,88,2018,0.7878787878787878
76,75,83,80,82,75,79,74,91,85,8.0,0 Wisconsin,B10,68,89,82,95,98,67,67,101,84,78,62,56,70,68,77,79,104,69,89,57,75,59,90,99,83,68.0,48,93,56,111,67,106,91,85,78,86,54,90,97,105,107,68,82,50,88,51,113,135,48,56,138,158,148,53,2018,0.45454545454545453
91,84,89,69,72,80,78,98,84,84,8.0,1 Washington,P12,105,88,73,73,80,93,93,99,91,87,104,94,68,78,64,93,61,93,61,111,100,103,60,62,121,85.0,92,59,96,59,115,74,88,58,104,96,101,119,54,85,54,77,83,103,58,107,71,60,126,88,79,62,71,101,2018,0.625
82,74,91,75,78,74,74,84,86,86,8.0,2 Stanford,P12,94,100,87,79,83,78,86,96,90,85,84,79,72,70,75,88,81,89,68,93,101,91,74,71,99,100.0,76,67,81,74,98,86,83,69,95,87,93,109,66,96,103,84,95,71,65,87,86,92,71,87,84,82,113,120,2018,0.5454545454545454
84,87,82,88,84,88,90,83,75,76,8.0,3 Belmont,OVC,96,74,89,83,74,96,92,71,88,86,86,96,98,103,89,75,82,92,91,90,80,109,92,88,76,81.0,101,90,94,85,78,79,90,95,86,74,78,68,81,61,68,92,90,108,87,102,81,62,103,105,69,76,48,69,2018,0.7272727272727273
77,73,90,79,83,81,80,78,95,93,8.0,4 Indiana,B10,74,82,81,91,95,66,73,100,76,90,64,66,77,63,84,83,100,71,83,58,85,74,88,92,82,89.0,66,91,62,99,77,109,70,82,73,89,59,95,104,116,118,67,75,78,102,51,125,129,79,65,124,136,142,51,2018,0.5161290322580645
79,83,88,81,89,89,82,79,89,87,8.0,5 Fresno St,MWC,82,76,91,88,76,74,78,83,64,89,76,86,85,83,81,87,93,76,86,87,66,73,93,90,85,74.0,81,86,85,91,83,96,78,88,62,88,75,79,95,92,88,85,103,109,100,87,103,93,95,98,72,101,95,98,2018,0.65625
83,88,86,78,77,82,75,86,79,82,8.0,6 Temple,AAC,104,91,79,80,80,89,90,88,87,84,83,85,71,84,76,77,78,91,70,89,94,107,72,70,94,84.0,95,71,87,75,85,75,109,69,97,90,92,105,61,93,92,75,74,104,73,117,52,87,110,80,71,83,107,174,2018,0.53125
94,90,79,110,105,108,112,100,78,96,8.0,7 Bucknell,PL,89,71,94,94,108,105,100,81,108,92,99,91,125,92,110,91,96,105,121,79,93,99,118,121,77,83.0,107,117,93,100,82,93,79,128,80,76,97,62,117,69,98,124,89,65,113,63,80,76,57,64,92,84,66,79,2018,0.7352941176470589
86,101,99,83,86,98,92,85,100,88,8.0,8 SMU,AAC,87,85,119,116,89,88,76,95,83,117,73,63,88,69,74,78,103,79,94,68,83,80,97,100,93,49.0,86,100,59,105,70,112,130,90,101,80,113,82,88,86,104,64,123,117,86,117,112,119,120,69,70,133,134,157,2018,0.5151515151515151
95,95,85,100,94,101,94,92,85,81,8.0,9 ETSU,SC,99,79,95,89,84,109,106,74,86,91,100,106,109,93,107,86,90,107,106,96,92,81,102,93,80,76.0,115,102,107,92,87,88,94,113,83,84,121,71,101,78,81,118,84,119,101,87,92,75,127,114,55,87,49,91,2018,0.7352941176470589
89,86,80,95,96,97,107,97,80,90,9.0,0 Northeastern,CAA,107,81,96,87,88,108,108,80,110,93,113,104,108,108,109,102,87,113,97,101,113,101,96,89,89,91.0,104,87,106,84,94,83,99,99,94,91,108,84,78,91,91,125,94,100,90,87,55,57,56,102,61,80,51,151,2018,0.696969696969697
85,92,84,102,93,104,100,93,81,79,9.0,1 Furman,SC,97,90,106,106,87,102,102,87,95,106,98,111,115,109,100,97,97,100,110,91,87,79,111,104,71,78.0,112,108,104,97,72,99,92,119,79,94,105,73,109,84,96,112,104,83,104,63,97,88,100,101,67,89,73,104,2018,0.696969696969697
93,85,100,89,88,87,86,107,94,98,9.0,2 Tulsa,AAC,106,103,101,90,92,100,112,97,93,98,111,101,83,88,105,98,84,115,80,102,116,116,79,84,109,118.0,109,79,103,83,110,87,87,78,98,113,100,117,84,106,82,96,102,81,91,107,89,90,96,95,102,90,97,86,2018,0.6129032258064516
110,98,87,101,99,90,97,120,88,95,9.0,3 Col Charleston,CAA,95,101,85,82,97,121,128,89,132,79,109,112,106,99,127,107,76,137,90,112,138,124,85,80,111,121.0,125,82,118,73,116,65,104,89,109,107,122,98,90,79,58,154,79,70,85,87,57,46,72,112,160,77,39,138,2018,0.7878787878787878
109,109,92,114,102,107,101,111,97,80,9.0,4 SF Austin,SLC,90,94,86,93,86,117,113,82,97,83,110,120,122,126,98,92,92,111,116,114,81,114,112,96,88,94.0,127,116,121,98,108,85,81,120,115,95,107,76,113,74,70,123,86,88,106,75,104,74,88,150,106,98,41,46,2018,0.8235294117647058
87,89,105,91,90,86,83,88,103,97,9.0,5 Vanderbilt,SEC,85,132,107,104,119,79,83,136,92,111,80,78,84,80,85,96,112,84,88,74,108,90,83,101,105,96.0,77,88,77,116,90,119,103,82,92,93,83,133,83,147,126,79,109,102,68,87,132,160,93,85,134,165,181,108,2018,0.375
100,96,93,97,104,105,115,90,93,91,9.0,6 Utah Valley,WAC,103,96,108,98,79,94,95,84,100,118,107,116,111,122,101,120,101,101,103,103,97,86,109,98,90,93.0,96,106,114,96,93,101,84,109,85,119,106,78,107,102,94,115,114,97,112,75,83,89,101,162,80,99,76,94,2018,0.6875
96,102,103,87,81,85,95,109,96,99,9.0,7 UCF,AAC,113,93,90,86,93,115,116,93,103,95,103,93,74,90,108,114,77,114,79,98,115,144,73,75,115,116.0,110,76,97,79,101,84,112,73,152,126,104,120,74,99,80,100,85,130,66,134,84,86,140,113,112,75,92,161,2018,0.59375
102,97,95,105,103,96,98,114,99,101,9.0,8 Marshall,CUSA,100,87,84,96,96,118,118,91,126,75,124,125,110,105,114,99,91,123,100,128,128,93,100,97,98,106.0,113,98,127,93,123,92,86,106,103,110,119,93,96,82,78,119,87,85,93,87,87,78,65,118,98,85,54,114,2018,0.7058823529411765
101,99,101,85,87,91,93,110,101,94,9.0,9 Colorado,P12,122,109,88,84,94,104,105,118,124,88,108,97,81,85,87,100,86,109,77,110,109,102,76,79,126,112.0,98,73,99,81,144,90,115,74,138,122,114,135,70,113,99,108,100,106,74,117,82,98,111,94,100,94,117,162,2018,0.53125
92,93,104,94,101,94,96,87,109,100,10.0,0 Northwestern,B10,79,112,92,119,121,81,74,123,96,108,66,71,89,73,82,90,127,70,107,69,88,92,107,124,92,102.0,68,120,60,138,76,130,96,104,53,97,72,114,121,129,121,74,91,107,122,75,169,180,106,71,145,191,192,76,2018,0.46875
90,91,106,92,97,95,85,94,107,102,10.0,1 Oregon St,P12,93,110,126,114,102,90,91,122,94,110,89,92,92,102,90,103,108,90,95,100,104,111,99,106,102,103.0,75,96,91,109,113,122,97,92,96,98,88,112,99,115,114,91,148,89,99,75,137,140,70,97,104,159,158,122,2018,0.5
99,116,110,93,98,103,105,105,105,103,10.0,2 UNLV,MWC,101,97,103,100,91,106,88,98,85,102,97,107,96,114,94,117,102,86,98,106,96,94,101,105,108,92.0,89,103,101,102,97,115,126,100,129,92,116,88,100,75,102,59,108,159,103,161,134,113,177,96,86,104,119,100,2018,0.6060606060606061
107,112,97,113,111,136,114,95,92,92,10.0,3 N Kentucky,HL,92,84,122,122,98,103,97,85,89,143,92,105,133,120,106,82,119,98,137,94,86,98,143,127,81,82.0,106,139,98,120,75,120,100,151,82,85,118,64,151,103,109,99,112,101,127,102,114,99,119,115,60,103,83,47,2018,0.7096774193548387
104,94,109,103,107,99,104,102,104,109,10.0,4 New Mexico,MWC,98,113,114,110,105,97,101,113,101,94,101,109,105,106,104,108,115,103,104,109,105,97,108,112,101,99.0,97,101,110,112,106,117,108,106,91,99,95,108,106,108,142,113,130,74,107,75,118,125,85,93,99,111,132,72,2018,0.5588235294117647
105,111,115,96,92,92,89,104,116,105,10.0,5 Iowa St,B12,131,135,98,97,125,95,98,131,107,116,95,80,75,72,88,89,106,95,87,86,114,104,80,94,123,128.0,100,94,82,115,96,104,102,76,130,109,84,153,92,127,117,98,92,96,70,87,144,158,108,89,142,157,179,118,2018,0.41935483870967744
106,103,112,99,95,93,91,99,119,119,10.0,6 Georgetown,BE,102,119,100,107,115,92,99,119,111,109,105,95,82,87,91,104,113,94,101,97,112,106,91,103,106,114.0,88,104,92,119,104,116,93,86,116,134,86,130,108,130,105,97,98,118,80,107,165,152,114,100,133,154,167,61,2018,0.5
116,106,94,123,124,128,99,96,106,106,10.0,7 Georgia St,SBC,91,92,110,130,107,101,107,90,82,96,106,110,137,119,117,94,124,102,139,108,91,96,145,132,91,110.0,120,140,111,123,95,123,95,149,124,77,80,83,136,88,112,116,111,86,156,87,120,104,91,108,73,140,89,84,2018,0.7058823529411765
97,100,107,107,110,100,116,91,114,108,10.0,8 Iowa,B10,84,118,115,123,113,85,84,125,98,105,85,77,97,91,97,110,143,85,120,75,102,84,119,135,96,101.0,74,125,75,146,91,139,119,116,90,106,89,111,138,126,154,86,110,82,134,75,157,177,80,83,147,196,184,64,2018,0.42424242424242425
117,105,96,108,112,114,130,116,102,107,10.0,9 Toledo,MAC,129,95,111,101,101,119,125,102,123,101,121,117,121,111,120,122,94,122,99,124,126,120,104,91,114,107.0,118,97,119,89,122,94,110,104,128,118,126,99,94,98,111,128,113,123,109,107,75,73,104,127,59,88,60,175,2018,0.6764705882352942
119,108,98,119,114,119,124,127,90,104,11.0,0 Penn,Ivy,121,102,97,109,104,124,124,105,137,99,126,118,139,110,123,127,99,124,122,113,119,138,121,114,97,126.0,117,118,122,103,100,108,82,128,105,108,102,103,129,87,95,131,96,94,114,87,115,85,81,99,78,109,80,89,2018,0.75
115,117,116,98,108,109,110,115,108,112,11.0,1 Wyoming,MWC,123,106,93,92,100,114,115,110,121,100,114,122,100,116,111,112,95,117,93,122,133,95,95,95,137,113.0,111,95,124,94,145,95,113,90,119,121,110,126,82,114,101,114,97,147,98,126,98,100,131,123,132,92,98,117,2018,0.6060606060606061
103,113,123,104,106,102,102,106,124,110,11.0,2 Mississippi,SEC,109,134,124,117,110,98,96,128,99,128,90,99,87,94,96,105,121,96,102,95,103,115,98,113,120,111.0,103,105,95,125,103,126,133,93,122,102,96,142,89,138,141,88,126,126,83,117,141,173,123,82,144,180,185,121,2018,0.375
108,104,120,109,113,112,113,103,135,115,11.0,3 Illinois,B10,86,116,120,141,141,86,85,150,105,132,88,89,103,95,92,109,147,83,123,92,90,87,124,139,103,86.0,87,130,83,156,99,164,118,120,106,103,77,128,139,155,148,78,125,105,148,102,181,181,105,92,130,201,189,63,2018,0.4375
98,107,125,112,117,115,106,89,126,116,11.0,4 Wake Forest,ACC,88,129,146,152,133,84,89,142,102,142,82,90,107,89,103,95,165,88,126,88,89,82,130,146,95,97.0,85,136,80,162,92,166,127,122,93,100,81,123,145,166,178,76,137,121,115,87,159,191,112,81,105,200,223,87,2018,0.3548387096774194
112,127,127,106,109,111,119,119,130,118,11.0,5 Minnesota,B10,110,131,104,121,132,113,94,138,114,133,94,87,94,96,99,115,123,97,108,81,118,113,105,119,128,141.0,94,115,84,130,102,132,137,100,108,124,117,141,118,128,120,81,106,163,117,134,171,167,170,90,149,181,177,99,2018,0.46875
121,118,108,129,134,117,121,108,117,122,11.0,6 N Colorado,BSC,108,111,128,118,131,112,111,103,115,119,132,146,136,167,115,119,131,110,133,140,107,100,135,133,107,105.0,123,131,145,126,129,121,116,134,89,101,98,91,128,97,132,121,143,111,154,107,110,116,94,164,82,118,102,144,2018,0.6470588235294118
118,119,118,120,120,122,128,112,125,120,11.0,7 Grand Canyon,WAC,112,105,144,133,117,110,110,111,104,126,116,114,129,121,116,134,126,108,136,117,95,122,141,137,116,95.0,124,138,113,132,107,140,106,148,100,104,128,87,154,90,119,107,140,128,118,117,156,122,115,167,94,119,110,128,2018,0.6666666666666666
134,124,111,131,125,127,129,135,110,114,11.0,8 Wright St,HL,134,107,105,111,120,131,138,106,128,104,144,133,146,130,139,126,110,140,127,135,124,132,125,115,133,120.0,139,121,137,108,132,111,107,133,123,115,140,110,127,89,100,150,105,113,123,107,99,83,121,145,129,93,64,123,2018,0.7352941176470589
126,121,102,118,118,126,125,140,98,117,11.0,9 Rider,MAAC,128,98,99,103,121,148,129,109,145,131,147,141,142,133,130,132,98,129,119,143,139,142,120,111,119,125.0,154,114,141,95,136,97,124,122,127,127,150,101,105,111,97,127,101,134,120,153,69,71,146,132,113,91,61,170,2018,0.7096774193548387
122,132,114,117,119,116,122,121,111,113,12.0,0 UC Santa Barbar,a BWC,125,120,112,102,103,125,120,94,120,121,137,144,117,144,119,123,107,119,117,136,110,137,115,108,131,145.0,129,110,139,106,146,100,141,113,117,123,129,107,124,104,93,136,119,140,121,134,127,109,141,178,131,113,96,95,2018,0.71875
128,120,130,111,100,110,108,160,118,130,12.0,1 Memphis,AAC,145,126,102,99,134,144,154,155,173,97,125,131,99,100,138,137,89,154,85,142,136,162,82,87,177,154.0,148,84,136,90,158,91,121,81,169,140,137,178,91,100,90,129,93,92,89,153,106,94,137,107,143,96,106,125,2018,0.6176470588235294
113,114,132,116,115,113,103,117,137,136,12.0,2 Georgia Tech,ACC,115,149,129,126,149,107,114,151,112,136,96,100,102,97,113,106,137,112,115,107,125,105,114,126,129,129.0,99,119,100,137,120,142,139,109,121,114,99,163,119,153,139,102,116,114,105,107,161,172,109,109,146,182,188,81,2018,0.40625
120,122,124,128,131,130,117,113,133,125,12.0,3 UAB,CUSA,114,108,136,143,121,116,109,114,106,135,115,119,132,129,112,111,140,106,148,125,98,126,151,141,104,109.0,114,150,115,143,111,158,125,149,110,111,135,94,152,124,128,117,146,153,128,134,155,138,135,134,115,129,133,43,2018,0.6060606060606061
114,110,122,134,135,120,111,118,136,142,12.0,4 St Joseph's PA,A10,116,123,155,157,127,111,121,115,109,137,120,102,127,118,128,101,146,126,143,115,120,118,146,154,110,144.0,108,142,105,148,121,161,101,142,102,116,109,115,132,136,149,126,152,95,153,87,146,157,83,103,127,175,173,113,2018,0.5
125,134,119,138,140,131,126,131,120,124,12.0,5 UT Arlington,SBC,126,104,121,134,109,130,122,120,127,115,118,123,150,132,124,124,142,118,151,119,132,134,154,142,112,104.0,122,152,123,139,119,135,132,152,114,105,124,106,140,112,166,109,121,127,158,117,108,118,125,126,95,114,101,196,2018,0.6176470588235294
123,130,140,121,129,123,123,124,144,126,12.0,6 Northern Iowa,MVC,120,146,138,124,130,123,119,134,122,134,123,113,120,125,121,125,133,121,118,123,117,110,122,122,139,135.0,119,122,116,129,131,134,159,117,112,137,125,138,111,164,143,95,149,110,132,134,138,149,124,120,110,176,159,82,2018,0.5
133,131,129,122,121,124,137,126,128,111,12.0,7 Bradley,MVC,140,140,118,113,110,127,131,117,130,123,138,145,118,139,129,140,114,133,113,141,140,123,113,109,141,134.0,128,111,143,110,137,110,147,106,126,142,132,134,102,121,122,134,127,136,125,179,105,114,151,137,118,125,112,192,2018,0.6060606060606061
132,142,121,130,128,125,134,128,112,123,12.0,8 UC Davis,BWC,137,130,109,105,105,136,132,108,119,113,167,142,124,155,125,133,105,136,111,165,143,159,116,110,138,140.0,135,109,151,107,159,98,111,112,131,129,147,118,110,118,108,145,117,154,126,153,102,101,138,197,170,102,85,186,2018,0.6875
111,115,138,124,122,106,109,101,153,141,12.0,9 DePaul,BE,111,154,137,155,146,99,104,145,113,129,112,108,101,115,102,116,167,99,129,105,106,108,123,147,118,127.0,93,134,109,169,112,169,114,117,118,139,82,160,135,175,172,103,133,112,108,107,185,209,92,91,148,209,234,142,2018,0.3548387096774194
127,126,134,115,116,134,139,142,131,138,13.0,0 VA Commonwealth,A10,133,128,131,127,125,132,130,139,138,145,117,115,116,107,135,136,117,131,112,116,134,133,117,118,150,138.0,126,113,112,114,124,133,157,113,175,128,131,152,122,120,145,106,132,137,131,134,135,123,143,106,126,134,141,135,2018,0.5454545454545454
129,140,144,132,132,146,118,123,146,134,13.0,1 San Diego,WCC,117,125,132,131,124,122,126,127,118,130,135,132,128,141,126,121,136,125,135,133,111,128,134,140,136,115.0,105,135,131,135,138,147,153,134,125,131,111,122,150,146,123,110,136,139,129,134,143,137,145,143,91,130,139,169,2018,0.5806451612903226
130,123,113,145,151,139,132,130,113,147,13.0,2 Canisius,MAAC,118,115,139,138,135,135,137,107,136,154,141,147,177,128,137,129,144,132,160,132,137,135,162,166,100,124.0,143,160,147,141,125,153,105,163,107,120,123,96,161,107,138,156,142,84,152,102,124,117,87,128,125,124,118,115,2018,0.65625
141,135,139,125,130,121,141,137,138,139,13.0,3 S Illinois,MVC,144,124,117,112,128,141,139,126,125,120,148,148,119,127,136,146,111,138,109,155,146,129,110,107,161,157.0,156,107,146,104,157,105,142,111,141,148,141,140,103,119,131,149,115,155,119,179,100,105,199,146,120,100,103,206,2018,0.6060606060606061
124,145,146,133,137,138,135,122,147,131,13.0,4 Missouri St,MVC,132,122,150,136,114,129,123,104,116,149,119,124,126,142,118,118,139,120,131,126,99,119,138,136,125,117.0,121,144,117,136,118,136,158,142,134,117,144,113,114,122,161,111,163,180,161,179,136,141,187,148,109,144,138,133,2018,0.5454545454545454
135,129,148,126,126,118,138,147,132,128,13.0,5 Illinois St,MVC,155,147,113,108,115,146,152,130,147,103,163,136,113,123,149,153,109,163,105,153,153,130,103,102,162,146.0,160,99,144,101,161,102,155,102,183,163,161,164,87,152,146,151,118,124,111,161,85,110,136,151,111,112,116,252,2018,0.5454545454545454
140,137,128,135,138,129,144,125,123,127,13.0,6 Idaho,BSC,138,142,125,115,129,138,133,121,135,140,150,155,143,154,133,162,118,130,124,163,122,131,129,117,145,142.0,153,123,156,113,148,114,117,127,113,146,133,124,144,135,106,122,128,158,136,161,133,108,175,196,205,123,90,145,2018,0.7096774193548387
137,138,117,148,152,153,143,134,115,155,13.0,7 Iona,MAAC,124,114,141,145,142,145,135,124,148,138,139,126,167,136,140,131,150,134,161,120,142,127,164,168,113,123.0,155,162,126,144,114,145,151,163,146,112,167,104,158,109,169,143,151,116,176,117,107,120,122,111,101,122,129,205,2018,0.6060606060606061
138,144,143,140,144,159,147,132,134,137,13.0,8 FL Gulf Coast,ASUN,127,127,169,162,118,126,127,116,117,158,122,129,161,138,131,138,152,127,159,118,121,125,163,149,122,108.0,140,161,125,150,109,163,136,160,145,125,160,97,181,117,129,137,173,144,142,126,172,130,139,201,114,126,104,119,2018,0.6764705882352942
131,125,151,127,123,135,127,133,166,146,13.0,9 Rutgers,B10,119,144,142,161,168,120,117,174,146,125,129,121,112,112,122,139,157,116,141,121,129,112,132,143,146,133.0,116,146,120,163,128,181,144,124,120,147,112,176,162,148,135,94,139,125,139,117,203,186,113,75,150,197,203,180,2018,0.4411764705882353
136,136,131,149,136,133,120,155,127,121,14.0,0 Wofford,SC,156,162,127,137,152,164,164,144,163,127,151,158,149,147,142,130,128,165,147,151,177,117,142,128,130,156.0,145,137,166,127,139,129,129,146,135,151,152,146,126,132,110,163,122,132,133,107,129,124,117,116,174,108,121,163,2018,0.6363636363636364
139,128,156,136,133,140,140,146,159,159,14.0,1 St Louis,A10,142,139,153,148,148,133,140,152,143,152,134,137,123,131,144,143,138,143,125,149,159,156,127,134,170,130.0,130,127,134,134,143,159,131,124,179,144,136,169,141,142,150,120,147,148,141,134,148,148,142,124,96,162,165,80,2018,0.5151515151515151
160,133,126,144,158,142,148,144,161,151,14.0,2 E Michigan,MAC,143,153,160,142,137,140,160,140,131,147,158,140,151,135,150,157,135,149,138,159,158,164,144,129,163,162.0,141,132,149,128,171,127,98,134,160,166,139,139,125,139,133,176,160,93,155,102,116,128,89,183,123,121,126,124,2018,0.6363636363636364
144,147,135,146,139,143,154,171,122,133,14.0,3 William & Mary,CAA,164,137,133,125,144,174,170,135,171,144,160,161,141,148,152,168,120,174,132,144,165,171,128,123,142,152.0,146,126,164,118,152,107,150,131,162,182,168,147,112,165,115,162,129,122,116,126,93,106,116,149,162,105,100,194,2018,0.6129032258064516
146,148,133,143,146,147,153,161,129,149,14.0,4 Hofstra,CAA,146,145,140,128,161,157,161,154,160,161,140,149,147,143,165,156,130,164,140,146,157,146,137,130,147,160.0,171,133,150,122,147,113,152,140,139,150,157,144,146,160,125,157,131,138,124,126,121,121,129,142,155,110,125,111,2018,0.6129032258064516
142,143,159,139,142,148,131,141,165,172,14.0,5 San Francisco,WCC,157,133,149,140,137,142,147,157,140,122,136,135,130,140,145,163,134,146,130,152,155,143,133,131,166,131.0,136,129,140,133,168,162,140,128,144,156,115,168,143,151,144,135,157,162,138,161,139,134,167,156,83,135,137,126,2018,0.5454545454545454
152,158,141,153,141,150,152,165,121,129,14.0,6 Lipscomb,ASUN,160,136,116,120,112,176,173,112,183,112,169,168,152,158,169,160,116,180,134,158,170,189,131,120,154,153.0,176,128,177,117,173,103,138,134,170,160,187,143,123,133,89,189,99,141,110,134,101,97,134,199,116,97,78,178,2018,0.71875
149,139,137,152,162,132,145,129,143,152,14.0,7 E Washington,BSC,141,159,147,132,136,134,136,132,129,124,168,164,154,175,134,161,151,128,154,167,135,121,153,152,144,163.0,137,147,168,152,154,128,128,152,111,130,120,131,148,123,158,155,159,142,169,134,122,147,118,203,137,127,140,136,2018,0.5882352941176471
143,157,150,155,145,154,133,149,139,135,14.0,8 Jacksonville St,OVC,130,141,164,159,140,154,156,129,141,151,145,157,160,180,146,128,148,152,157,147,123,163,158,156,135,119.0,134,158,159,147,130,141,186,159,163,135,143,121,160,110,127,144,155,143,149,153,149,132,147,140,139,139,122,156,2018,0.6363636363636364
148,146,155,141,143,141,136,136,158,154,14.0,9 Utah St,MWC,139,156,143,139,150,128,134,167,139,139,128,134,131,134,132,142,153,135,146,148,160,150,140,150,158,161.0,133,145,135,155,153,154,171,134,143,136,134,156,131,137,157,132,154,149,143,134,152,166,153,152,182,172,168,116,2018,0.5
155,155,142,156,150,172,164,152,142,150,15.0,0 Albany NY,AEC,136,117,145,151,171,161,146,137,159,168,146,152,174,146,155,141,145,147,172,134,152,149,161,164,124,122.0,172,173,148,149,133,151,123,180,132,138,162,116,165,125,130,147,134,170,145,161,142,115,171,125,93,138,109,102,2018,0.6875
154,151,157,137,127,137,151,175,160,171,15.0,1 Connecticut,AAC,175,167,134,135,158,158,162,171,177,157,130,128,114,117,153,165,122,167,114,145,196,188,106,116,192,169.0,157,112,130,121,176,124,173,102,191,169,159,199,116,171,124,141,120,146,95,134,123,146,144,119,165,177,172,166,2018,0.4375
151,149,145,147,147,144,146,153,148,148,15.0,2 CS Fullerton,BWC,161,164,130,129,156,159,163,149,157,107,181,171,135,170,159,173,125,160,128,184,161,168,126,125,172,175.0,131,124,178,124,182,118,145,124,153,173,138,158,133,143,116,188,144,135,135,134,131,127,128,130,203,117,124,207,2018,0.6451612903225806
150,141,136,164,171,145,162,145,149,164,15.0,3 Harvard,Ivy,135,148,148,156,142,143,143,141,176,148,142,127,181,145,162,113,168,159,173,127,147,161,177,177,132,165.0,144,174,128,168,140,150,120,183,136,143,127,127,183,154,181,173,141,91,171,87,117,145,98,138,169,131,147,193,2018,0.5806451612903226
158,160,147,160,157,163,159,150,140,132,15.0,4 Ga Southern,SBC,153,150,135,153,139,156,149,133,142,150,154,151,168,160,148,149,163,144,165,131,154,145,172,165,134,166.0,165,167,154,158,127,157,169,174,150,141,154,125,168,131,160,152,135,150,186,134,140,136,156,141,166,145,128,187,2018,0.6363636363636364
147,156,164,151,154,155,155,138,168,163,15.0,5 Evansville,MVC,148,138,161,150,154,149,159,147,134,162,165,163,138,151,170,152,149,157,145,169,127,148,147,144,160,149.0,164,148,162,145,169,156,181,142,140,172,155,151,134,170,167,180,169,175,163,153,151,151,169,171,87,164,152,152,2018,0.53125
157,150,153,162,164,149,163,139,155,157,15.0,6 UC Irvine,BWC,154,173,167,160,145,137,144,153,155,141,155,153,153,164,141,171,166,141,158,157,131,154,155,163,156,158.0,159,153,153,166,149,138,165,152,151,133,145,148,149,144,171,184,183,145,160,161,119,155,164,187,154,152,154,165,2018,0.5142857142857142
156,159,161,142,148,158,161,169,167,170,15.0,7 Dayton,A10,159,157,168,167,165,160,155,176,161,191,127,130,145,124,157,154,154,151,149,137,163,160,150,157,179,132.0,152,149,129,153,164,171,184,142,165,153,169,175,130,178,168,133,174,167,170,153,147,153,182,122,81,212,169,73,2018,0.45161290322580644
145,152,152,166,161,156,150,148,141,140,15.0,8 Mercer,SC,151,169,180,177,159,152,157,156,144,167,143,143,173,173,160,145,179,153,180,129,164,140,181,179,127,137.0,147,175,138,177,117,170,148,187,137,149,153,137,179,159,165,148,171,133,162,134,174,175,159,131,189,146,164,112,2018,0.5625
166,163,158,154,156,152,168,174,163,165,15.0,9 Ball St,MAC,173,160,151,147,147,175,175,146,169,171,156,169,148,137,174,164,132,172,144,174,166,182,139,138,182,178.0,184,143,167,131,177,131,134,134,198,170,179,166,120,150,134,172,156,185,147,153,126,131,198,161,175,128,130,167,2018,0.59375
168,161,149,174,159,161,170,184,156,162,16.0,0 UMBC,AEC,186,143,123,146,167,196,191,162,196,114,173,189,176,176,191,207,129,191,175,182,181,210,152,145,167,180.0,196,157,194,140,174,125,122,160,182,196,186,165,147,140,113,217,107,120,130,134,111,107,130,155,159,106,93,221,2018,0.7058823529411765
169,154,166,157,153,157,183,156,150,153,16.0,1 Weber St,BSC,163,161,152,144,155,151,150,158,174,153,171,177,159,184,158,195,155,156,153,164,168,153,156,151,148,164.0,170,155,173,151,150,148,168,155,159,193,171,150,167,181,136,166,161,206,151,179,162,142,201,195,173,143,131,110,2018,0.6451612903225806
162,176,163,165,166,169,175,158,164,158,16.0,2 Towson,CAA,147,151,176,170,173,169,153,159,175,194,133,139,155,159,164,144,175,161,183,130,179,169,179,173,143,143.0,167,181,133,172,134,143,198,183,158,157,207,132,164,163,174,153,181,211,177,194,153,154,189,133,193,163,149,129,2018,0.5625
167,174,160,159,155,165,174,163,145,143,16.0,3 Portland St,BSC,162,172,157,149,174,166,141,165,158,160,179,182,163,187,163,180,164,145,155,175,141,152,157,148,151,177.0,166,156,183,157,151,146,176,155,133,159,175,161,184,157,153,130,172,213,166,179,170,156,205,168,269,142,150,146,2018,0.6060606060606061
170,169,162,175,168,173,166,170,154,145,16.0,4 Radford,BSo,172,158,158,163,150,178,182,160,181,146,197,191,184,196,187,158,160,185,168,187,190,174,176,161,157,182.0,180,165,193,160,162,149,162,174,168,155,195,154,169,141,155,192,138,161,172,134,128,133,163,165,161,120,114,149,2018,0.6470588235294118
153,168,170,182,176,171,160,162,151,144,16.0,5 Winthrop,BSo,166,152,181,187,164,170,167,148,151,180,152,170,192,178,171,150,186,169,196,154,149,155,198,187,117,139.0,161,195,169,186,135,180,183,201,148,165,176,129,186,185,159,191,162,189,182,117,173,169,184,144,157,148,144,141,2018,0.6129032258064516
164,162,167,161,163,151,157,159,169,169,16.0,6 Drake,MVC,169,196,159,154,160,155,165,164,156,156,177,181,144,162,161,159,161,158,152,173,150,175,149,158,168,185.0,158,151,179,164,175,144,161,146,149,167,149,184,142,167,173,179,164,181,167,194,167,183,180,147,196,193,180,222,2018,0.5
165,173,177,172,173,178,173,154,177,168,16.0,7 Louisiana Tech,CUSA,149,155,182,186,162,153,151,170,150,176,153,154,170,163,156,151,190,150,185,138,130,139,188,186,149,136.0,142,192,152,187,141,192,192,188,147,154,158,149,187,158,195,139,189,208,185,179,192,184,203,135,121,183,175,134,2018,0.5151515151515151
159,164,169,163,169,168,149,157,181,185,16.0,8 La Salle,A10,152,174,190,192,181,147,145,186,152,205,131,138,164,150,147,135,189,142,181,139,151,151,182,193,165,151.0,132,183,132,188,142,197,187,180,155,132,142,174,192,186,201,142,192,164,205,126,202,204,148,121,140,230,227,143,2018,0.40625
161,172,175,150,149,167,142,167,174,174,16.0,9 Tulane,AAC,167,166,178,171,170,168,158,178,168,182,161,160,140,157,151,155,159,155,150,168,171,179,148,159,180,147.0,151,154,157,161,167,173,197,140,184,168,163,181,155,176,156,138,177,199,137,194,175,179,214,129,171,199,183,212,2018,0.45161290322580644
171,166,154,171,165,179,182,172,152,167,17.0,0 Wagner,NEC,174,121,156,158,179,179,181,143,170,173,178,194,187,189,184,183,141,177,179,191,193,218,165,162,153,168.0,201,171,189,142,181,137,163,174,177,171,198,136,172,134,137,208,145,215,144,194,109,102,218,177,151,107,91,147,2018,0.71875
163,170,171,167,175,164,171,151,178,161,17.0,1 Valparaiso,MVC,150,181,184,174,163,150,148,163,149,179,157,150,156,153,154,174,185,148,171,150,178,141,170,180,152,172.0,138,176,142,183,155,176,180,167,171,180,164,162,170,179,185,159,196,151,194,161,187,198,172,139,212,223,208,171,2018,0.46875
175,165,179,168,183,162,158,143,196,183,17.0,2 Indiana St,MVC,165,187,186,185,176,139,142,173,133,172,159,159,157,172,143,148,187,139,166,176,144,136,178,185,185,148.0,150,179,155,189,183,184,218,163,156,162,148,172,153,210,198,146,201,182,192,179,184,208,191,176,188,226,220,164,2018,0.41935483870967744
178,167,172,169,174,181,184,168,176,175,17.0,3 C Michigan,MAC,180,171,194,176,175,165,174,180,182,187,186,175,179,168,179,172,169,178,164,181,173,183,171,167,186,150.0,177,168,172,167,178,172,170,167,161,185,182,157,174,161,182,174,202,156,179,161,168,159,168,185,201,155,160,148,2018,0.5757575757575758
182,188,178,179,182,188,180,178,173,182,17.0,4 Oakland,HL,184,168,177,181,153,184,180,161,179,198,149,162,189,165,182,167,183,181,187,156,145,184,192,184,181,181.0,169,188,161,179,156,186,190,191,186,145,183,167,200,149,190,167,178,227,193,161,182,162,228,175,128,150,145,62,2018,0.5757575757575758
184,187,176,183,167,180,172,192,157,156,17.0,5 UNC Asheville,BSo,198,165,154,164,169,203,204,169,190,163,192,187,182,194,201,182,156,203,163,185,199,206,168,155,176,173.0,209,164,191,154,180,155,179,170,211,179,235,185,156,162,140,203,124,223,159,179,130,126,227,179,141,115,108,199,2018,0.6363636363636364
174,171,180,181,181,177,167,176,175,173,17.0,6 UT San Antonio,CUSA,176,180,163,175,157,173,176,172,153,159,194,185,172,190,175,170,184,179,178,192,162,147,185,178,171,196.0,182,185,187,185,190,179,167,180,173,176,173,180,190,184,170,181,166,165,174,161,186,185,157,194,190,149,170,190,2018,0.5757575757575758
172,153,183,177,179,166,156,180,190,194,17.0,7 Richmond,A10,178,183,187,191,196,163,177,197,172,165,166,156,162,149,177,166,188,175,182,162,194,177,175,192,190,170.0,149,178,158,191,179,199,193,174,166,161,130,198,180,198,210,165,193,131,212,134,176,202,132,136,122,240,221,197,2018,0.375
181,177,187,158,160,160,165,182,187,179,17.0,8 Washington St,P12,179,193,170,169,186,171,169,200,165,174,185,172,134,156,168,177,162,170,142,186,188,170,136,160,222,183.0,168,141,170,165,221,175,211,132,181,183,181,222,137,190,176,140,187,157,140,194,179,190,196,157,227,208,210,281,2018,0.3870967741935484
180,180,174,189,194,176,177,164,184,181,17.0,9 IPFW,SL,168,185,183,193,177,167,166,166,154,186,175,166,191,174,167,175,202,162,190,161,184,173,199,190,159,179.0,163,198,163,199,160,190,143,197,142,181,156,170,205,196,194,171,180,216,198,126,209,203,152,247,191,174,187,132,2018,0.5625
176,182,165,188,177,183,191,183,162,160,18.0,0 Nicholls St,SLC,191,170,165,168,180,181,184,177,193,169,182,214,200,211,166,202,171,182,191,198,192,172,191,181,155,155.0,202,190,215,180,184,160,174,197,210,203,194,159,163,169,162,202,158,172,150,161,145,139,154,237,179,132,120,223,2018,0.65625
179,175,188,173,172,175,181,194,189,192,18.0,1 G Washington,A10,185,189,179,180,191,187,185,199,192,200,180,176,158,152,188,186,177,184,162,180,169,185,159,176,211,187.0,178,163,174,175,197,187,160,158,167,174,165,216,176,180,164,160,179,187,168,179,195,187,161,159,156,203,196,173,2018,0.45454545454545453
186,179,181,170,170,174,185,188,182,178,18.0,2 Seattle,WAC,188,190,171,166,178,186,187,193,194,166,184,203,166,193,186,200,158,187,156,201,167,157,160,153,201,199.0,189,159,206,159,205,167,185,157,188,205,184,192,175,174,147,186,176,183,146,179,166,150,188,218,172,137,143,258,2018,0.6060606060606061
183,185,168,196,191,182,178,190,170,177,18.0,3 SE Louisiana,SLC,189,177,166,165,172,201,200,168,189,155,164,207,197,201,197,185,176,201,189,207,185,158,189,175,173,197.0,205,189,216,178,204,152,149,193,180,195,166,177,182,156,151,261,153,129,175,126,150,143,133,226,228,141,115,216,2018,0.6666666666666666
177,192,191,199,188,196,169,179,172,166,18.0,4 Liberty,BSo,158,163,201,204,187,183,186,175,180,185,188,190,206,212,202,147,203,188,210,178,180,181,213,201,140,167.0,181,209,190,203,126,204,189,216,178,152,196,145,203,145,199,158,191,174,219,134,211,182,149,166,152,161,157,78,2018,0.5882352941176471
173,178,192,178,187,186,176,166,195,190,18.0,5 Pacific,WCC,171,184,191,190,166,162,172,182,164,170,170,180,165,183,173,187,194,171,176,177,148,165,187,191,183,192.0,162,186,181,190,187,198,191,170,192,187,146,191,191,202,191,161,200,176,188,179,190,199,166,180,177,216,212,168,2018,0.4375
189,181,185,176,180,170,193,187,191,186,18.0,6 W Michigan,MAC,194,191,185,182,181,185,189,179,166,197,176,178,169,166,199,190,174,186,170,179,183,203,166,170,197,195.0,190,169,180,170,194,177,172,163,176,209,204,188,159,193,186,178,195,219,184,194,177,176,209,173,206,173,171,97,2018,0.53125
194,184,173,191,193,189,189,199,180,197,18.0,7 Niagara,MAAC,192,178,162,172,204,199,202,192,208,177,204,197,199,188,198,193,170,199,192,193,212,213,186,189,195,194.0,191,187,199,174,209,174,146,191,190,184,190,187,173,173,163,223,165,152,178,161,163,144,150,172,211,147,146,237,2018,0.59375
188,186,186,195,198,194,179,177,194,189,18.0,8 Troy,SBC,170,175,195,202,192,172,168,181,162,183,174,179,204,199,178,169,209,166,209,172,172,166,214,214,169,159.0,179,212,175,212,165,208,177,216,154,164,151,155,198,195,211,182,197,173,229,161,194,201,179,227,158,217,190,209,2018,0.48484848484848486
185,189,190,185,178,184,197,189,171,184,18.0,9 Austin Peay,OVC,211,182,172,173,183,195,196,185,191,164,198,220,183,204,185,206,173,193,167,209,175,201,173,169,189,212.0,197,172,219,173,203,168,208,170,189,210,188,194,171,189,175,206,170,218,164,194,164,165,221,163,180,151,162,218,2018,0.5625
193,183,184,190,184,190,195,193,183,176,19.0,0 Miami OH,MAC,181,201,199,188,194,188,195,196,197,196,212,195,186,197,183,196,182,195,186,196,176,209,183,182,187,186.0,186,182,197,184,191,178,195,183,174,198,174,197,166,191,187,196,149,169,206,153,159,188,162,225,192,206,182,181,2018,0.48484848484848486
200,195,199,180,192,198,187,196,205,211,19.0,1 Hawaii,BWC,197,186,189,179,188,192,192,201,201,193,191,196,175,192,196,199,180,194,169,217,205,204,174,172,237,200.0,188,177,196,181,226,183,202,160,209,213,201,205,194,205,152,170,190,190,165,218,213,174,183,206,164,160,156,182,2018,0.5666666666666667
187,199,193,198,197,193,205,173,193,180,19.0,2 N Dakota St,SL,193,211,205,206,185,177,171,184,167,190,172,174,196,195,172,197,214,168,205,171,174,176,207,198,175,174.0,175,206,171,211,166,207,210,201,157,191,177,179,214,206,208,168,209,210,209,161,210,225,181,286,202,219,214,210,2018,0.46875
196,201,182,205,202,199,220,197,179,191,19.0,3 Yale,Ivy,196,200,175,194,212,205,190,188,212,199,183,173,213,185,192,209,204,190,214,166,206,216,208,212,178,214.0,187,207,176,205,163,188,175,211,215,204,191,190,204,213,207,201,175,166,190,126,183,195,160,174,200,185,201,219,2018,0.5161290322580645
204,191,194,186,185,191,211,213,192,188,19.0,4 Kent,MAC,210,197,197,183,193,206,205,211,234,189,209,188,195,181,207,224,172,217,177,197,223,191,169,171,224,188.0,200,166,188,171,213,182,209,170,217,214,225,211,157,199,180,198,166,193,180,194,154,163,215,207,163,184,161,244,2018,0.5
207,194,200,192,196,195,203,195,208,214,19.0,5 Ohio,MAC,200,195,211,199,198,190,193,194,199,209,196,183,193,182,194,189,195,196,195,190,198,180,193,195,221,171.0,195,193,182,195,201,195,203,195,187,208,192,193,177,215,200,169,207,160,189,194,204,197,165,251,168,218,205,220,2018,0.45161290322580644
195,200,203,197,203,185,192,186,207,200,19.0,6 Long Beach St,BWC,201,215,193,189,183,191,198,187,186,184,203,199,171,217,193,208,192,198,184,224,187,193,184,188,220,220.0,173,184,200,192,228,185,221,174,200,212,172,223,185,201,179,227,211,186,196,194,191,212,193,228,197,222,217,188,2018,0.45454545454545453
201,209,196,207,214,212,201,191,203,208,19.0,7 Princeton,Ivy,182,202,206,217,207,200,179,203,198,223,162,165,218,161,180,179,227,176,224,160,156,214,228,227,184,198.0,174,234,160,226,170,220,224,230,185,189,170,183,234,233,222,177,207,171,216,161,226,230,176,192,183,239,229,139,2018,0.4482758620689655
192,193,211,184,189,204,194,200,214,204,19.0,8 Duquesne,A10,187,198,218,209,209,189,188,220,195,230,189,192,188,179,195,191,196,189,194,189,210,186,194,199,217,202.0,192,197,185,197,186,217,206,195,172,190,206,210,222,194,196,164,218,233,218,218,259,205,232,170,198,213,213,92,2018,0.5
205,202,195,206,201,213,214,210,186,205,19.0,9 Colgate,PL,208,179,192,196,224,216,207,191,211,201,214,200,216,206,211,214,200,210,219,188,219,232,209,213,193,201.0,206,211,208,200,185,200,135,216,205,199,218,186,223,168,202,204,186,178,201,194,188,170,202,191,184,166,166,140,2018,0.59375
199,190,204,187,186,187,198,219,202,202,20.0,0 George Mason,A10,213,209,174,184,216,202,211,225,227,175,211,193,178,169,214,210,181,222,174,200,237,219,167,183,238,228.0,203,170,192,182,219,189,178,167,196,201,209,236,189,183,183,194,184,184,203,218,201,189,212,190,223,211,193,257,2018,0.48484848484848486
208,196,189,203,204,205,208,211,197,222,20.0,1 Fairfield,MAAC,209,188,200,198,197,211,216,202,207,195,202,198,211,205,212,203,198,212,206,215,203,212,204,210,208,189.0,210,203,207,196,210,202,199,208,204,186,202,195,201,172,209,215,203,168,204,218,180,178,158,200,178,179,174,231,2018,0.5151515151515151
191,198,197,211,220,214,199,181,199,221,20.0,2 Monmouth NJ,MAAC,177,194,230,231,206,180,178,190,178,232,187,167,219,191,181,176,233,173,235,170,182,167,235,262,164,176.0,185,238,165,236,172,226,207,240,164,158,180,173,208,222,267,175,244,201,255,179,199,227,178,153,153,270,241,198,2018,0.3548387096774194
190,204,198,208,205,208,222,204,188,198,20.0,3 St Francis PA,NEC,203,176,202,200,218,213,203,183,214,220,200,215,220,225,233,223,199,214,218,195,197,197,212,209,174,203.0,204,213,213,201,193,193,196,219,195,228,227,171,210,216,189,230,188,192,181,218,178,171,223,184,167,156,163,184,2018,0.6
206,210,201,200,190,197,212,217,185,187,20.0,4 Tennessee Tech,OVC,233,210,173,178,189,229,230,198,222,178,232,228,194,214,225,227,178,231,188,221,215,220,180,174,209,230.0,220,180,228,176,215,165,220,183,226,230,219,218,178,177,177,225,168,221,173,247,158,164,238,189,234,153,155,264,2018,0.5757575757575758
198,203,210,193,195,200,186,207,217,217,20.0,5 Massachusetts,A10,202,222,210,210,217,194,194,216,202,221,195,184,185,186,190,178,201,192,198,183,202,192,195,204,227,206.0,183,196,184,204,195,211,256,193,216,177,193,230,206,200,205,185,222,214,240,194,240,228,242,160,247,245,251,225,2018,0.3939393939393939
197,206,212,202,207,211,190,185,213,196,20.0,6 North Texas,CUSA,183,208,208,214,190,182,183,212,188,211,207,212,203,218,176,181,220,183,203,219,191,196,217,215,196,191.0,193,220,203,220,208,224,201,206,193,178,200,201,229,217,213,183,214,255,235,218,235,231,247,181,241,231,228,185,2018,0.46875
209,197,202,204,200,201,206,218,200,213,20.0,7 Hartford,AEC,195,192,188,195,225,222,226,206,232,181,216,248,210,215,227,218,191,228,208,237,230,200,202,200,206,219.0,241,204,252,193,222,191,182,208,199,218,216,208,202,187,184,222,185,241,195,194,198,168,213,209,218,170,151,233,2018,0.59375
202,208,208,210,210,202,188,198,201,207,20.0,8 Tennessee St,OVC,225,203,212,207,194,204,217,195,184,208,221,216,208,222,209,201,205,207,204,218,204,240,206,202,199,205.0,232,205,211,202,223,201,228,207,225,216,230,200,207,219,192,233,206,230,187,194,189,193,241,210,208,202,191,215,2018,0.5
210,227,209,220,215,221,196,202,204,193,20.0,9 Lamar,SLC,190,199,214,220,202,212,201,205,200,224,220,217,231,229,189,184,218,200,220,199,195,207,242,219,188,204.0,225,241,214,222,189,214,156,240,207,202,228,182,215,209,188,226,216,229,226,194,230,206,216,257,215,178,178,154,2018,0.59375
212,207,218,213,213,210,219,203,215,218,21.0,0 IL Chicago,HL,215,204,213,216,199,193,210,204,203,207,199,208,214,207,213,225,215,211,217,194,186,199,222,218,205,218.0,199,217,201,214,196,227,154,220,194,221,217,203,230,207,223,224,212,217,222,179,236,213,225,246,209,187,206,189,2018,0.53125
213,216,205,217,211,219,230,212,212,199,21.0,1 Sam Houston St,SLC,227,207,204,203,201,215,214,210,215,203,223,221,221,210,203,236,208,209,207,228,222,187,219,203,213,190.0,233,221,223,210,224,206,204,220,206,224,226,206,197,211,206,235,204,234,202,194,206,192,206,234,232,167,176,229,2018,0.5757575757575758
215,205,213,212,208,192,213,206,210,215,21.0,2 Denver,SL,229,235,203,201,208,198,220,218,216,192,233,210,202,203,216,226,207,218,201,220,245,208,203,196,228,222.0,211,199,218,206,230,205,164,200,202,243,211,238,216,246,204,247,205,197,207,161,224,217,155,259,221,214,209,239,2018,0.5
231,212,207,214,222,206,200,205,237,227,21.0,3 WI Milwaukee,HL,199,214,219,218,213,197,209,208,185,210,193,204,228,221,215,188,211,204,229,216,220,205,220,224,232,217.0,216,218,204,217,231,239,205,229,208,188,203,207,255,197,212,195,242,179,258,194,231,214,185,220,249,232,195,195,2018,0.48484848484848486
223,218,206,216,206,234,256,229,198,216,21.0,4 Navy,PL,239,205,196,197,238,237,237,209,248,214,226,222,223,208,231,245,193,239,213,213,249,244,205,207,218,213.0,243,210,222,194,202,196,166,211,227,236,247,213,219,182,193,256,182,250,200,236,200,161,243,193,176,168,153,150,2018,0.625
217,215,219,225,216,220,202,223,211,210,21.0,5 ULM,SBC,217,212,209,211,215,225,228,214,221,202,231,230,226,231,229,198,222,229,227,212,211,178,225,221,204,208.0,228,223,233,221,207,221,194,232,221,225,189,219,233,232,218,218,194,200,215,179,219,207,192,230,185,189,199,234,2018,0.5161290322580645
203,220,216,223,223,216,210,201,206,195,21.0,6 Cent Arkansas,SLC,214,206,223,221,203,217,206,189,187,204,219,236,233,236,204,215,225,206,230,234,189,198,238,225,194,216.0,215,235,232,223,214,216,229,240,197,194,240,189,224,188,219,199,219,228,231,218,223,219,233,239,210,198,198,253,2018,0.5151515151515151
211,211,224,194,199,217,207,226,234,236,21.0,7 Pittsburgh,ACC,212,226,216,212,221,221,199,241,231,228,218,186,180,171,205,221,216,202,193,211,209,226,196,197,210,237.0,198,194,186,207,248,230,274,174,231,217,229,267,188,225,246,187,199,220,157,247,217,243,252,154,186,243,276,282,2018,0.25
214,221,220,228,217,222,204,208,209,201,21.0,8 Appalachian St,SBC,206,224,220,230,205,207,208,213,206,213,206,219,232,237,200,192,236,205,237,204,207,215,240,242,191,231.0,194,240,220,245,188,240,215,237,203,192,185,214,245,220,220,213,233,191,272,161,250,248,195,186,237,241,256,179,2018,0.45454545454545453
218,214,221,218,218,207,209,216,225,206,21.0,9 Southern Miss,CUSA,218,223,198,208,211,219,223,222,218,188,234,237,207,238,226,216,212,226,212,242,221,231,211,211,226,221.0,219,208,240,215,243,210,240,204,224,229,215,233,199,238,197,209,198,204,197,236,207,223,207,240,187,205,225,204,2018,0.47058823529411764
216,213,217,221,224,226,224,215,222,233,22.0,0 Manhattan,MAAC,205,218,225,225,234,218,215,215,219,234,225,201,230,216,220,204,226,225,233,210,218,202,226,240,212,211.0,217,232,198,224,216,223,213,234,214,206,220,204,239,226,235,211,230,222,239,218,228,224,186,198,231,242,230,260,2018,0.45161290322580644
233,224,223,215,212,209,241,237,228,219,22.0,1 Bowling Green,MAC,222,217,207,205,200,233,239,207,224,216,238,227,201,219,240,237,197,243,199,241,229,222,197,194,247,225.0,235,200,229,198,246,194,225,199,240,253,246,232,193,221,203,248,215,238,217,263,193,194,260,260,233,210,186,202,2018,0.5
221,230,226,229,228,229,217,209,229,223,22.0,2 Coastal Car,SBC,207,216,232,243,223,208,197,221,205,231,190,209,239,224,206,194,248,197,250,202,200,190,251,245,202,193.0,207,254,195,259,200,254,234,251,236,197,205,196,242,240,243,190,241,236,273,218,246,247,246,232,199,257,247,172,2018,0.4375
224,219,215,226,229,244,237,238,216,237,22.0,3 Lehigh,PL,219,213,217,223,253,238,233,226,226,238,247,211,251,202,237,231,219,235,238,203,251,223,233,236,223,210.0,256,237,212,219,220,225,188,240,251,234,232,212,240,231,214,241,210,195,223,179,214,196,200,169,195,188,197,255,2018,0.5333333333333333
222,217,214,231,235,233,229,214,227,239,22.0,4 St Peter's,MAAC,204,220,231,242,235,223,213,223,217,215,215,202,247,209,210,217,241,208,251,206,224,194,248,269,219,209.0,208,251,210,250,212,242,238,254,201,200,199,202,246,208,252,242,245,177,264,218,251,235,174,182,229,251,253,256,2018,0.4375
219,226,222,230,230,235,227,225,220,226,22.0,5 Stony Brook,AEC,221,219,236,240,247,234,212,233,230,217,205,213,246,230,219,213,237,213,253,208,216,221,245,246,203,184.0,213,248,217,248,211,243,244,251,219,207,236,209,227,230,256,200,228,225,243,194,208,229,204,188,204,244,233,240,2018,0.40625
229,225,247,209,219,215,225,224,247,232,22.0,6 Colorado St,MWC,237,245,215,213,210,209,222,240,210,227,201,206,190,198,217,230,217,220,197,232,227,234,200,208,276,259.0,222,201,205,213,252,219,252,189,228,233,212,268,196,241,228,207,220,270,199,236,234,250,281,242,224,246,265,277,2018,0.34375
228,223,236,219,227,218,221,232,245,242,22.0,7 Air Force,MWC,226,240,221,224,228,214,221,239,220,225,213,240,205,228,208,246,231,216,211,235,208,257,215,222,252,242.0,214,214,234,229,275,231,217,204,213,255,178,254,225,250,240,216,237,196,232,218,253,260,208,233,290,261,263,176,2018,0.3870967741935484
251,234,230,222,221,223,257,258,239,235,22.0,8 Akron,MAC,248,234,226,215,230,252,258,249,253,222,246,225,209,200,247,270,206,254,202,244,257,258,201,206,271,244.0,229,202,230,208,255,209,242,203,259,260,243,261,195,234,216,236,224,198,210,236,227,216,224,267,181,234,218,226,2018,0.4375
249,228,248,201,209,203,218,241,270,268,22.0,9 California,P12,265,263,229,222,240,230,229,274,249,239,208,205,198,177,235,232,210,230,200,226,243,195,190,205,304,257.0,218,191,202,209,268,249,260,189,272,244,231,288,209,237,264,193,259,235,183,236,216,258,266,208,258,267,279,177,2018,0.25
232,241,232,237,232,230,231,228,232,220,23.0,0 Texas St,SBC,220,227,224,238,219,232,225,217,213,218,210,229,242,232,223,228,247,221,247,223,238,233,250,252,215,233.0,224,253,224,253,217,247,245,250,218,223,221,217,248,224,238,221,243,239,277,194,243,236,262,269,207,260,231,211,2018,0.45454545454545453
220,235,240,244,226,241,216,227,218,203,23.0,1 Campbell,BSo,216,230,251,252,226,228,234,232,236,258,228,244,254,247,230,212,245,232,255,229,225,242,256,244,198,215.0,221,257,242,256,192,252,223,260,222,232,239,215,251,244,234,239,238,252,267,161,267,242,253,202,239,221,224,158,2018,0.5161290322580645
247,250,234,227,225,227,242,251,230,225,23.0,2 Elon,CAA,247,233,222,219,232,260,242,227,259,240,217,224,212,235,234,234,213,244,216,214,235,259,210,216,244,252.0,260,216,221,216,233,203,283,210,233,238,276,239,212,239,217,234,223,292,220,263,205,222,283,204,217,227,226,248,2018,0.4375
225,229,241,224,239,236,223,221,249,247,23.0,3 Loy Marymount,WCC,232,243,248,246,222,210,218,257,225,206,224,234,217,223,221,241,251,223,223,236,234,224,239,234,249,248.0,212,226,235,242,241,266,237,220,220,247,208,247,243,243,260,197,246,202,225,236,258,269,226,213,270,264,270,249,2018,0.3548387096774194
237,238,231,232,243,232,240,239,241,229,23.0,4 CS Bakersfield,WAC,245,247,246,234,220,240,236,234,245,243,237,233,222,220,238,256,235,237,221,233,236,225,229,220,243,247.0,237,225,238,233,247,229,219,224,239,273,242,242,217,274,237,245,226,194,208,218,220,241,219,258,214,248,255,228,2018,0.4
235,222,225,243,245,242,248,231,231,248,23.0,5 Mt St Mary's,NEC,240,229,235,227,244,236,244,219,242,253,235,245,257,234,264,264,229,245,240,248,253,254,237,233,229,256.0,248,242,245,228,242,218,200,240,230,246,223,224,249,218,225,292,227,232,238,194,225,211,234,223,256,186,207,200,2018,0.5625
230,239,235,241,234,248,235,220,238,228,23.0,6 South Alabama,SBC,224,228,238,247,233,224,224,229,204,250,236,231,244,245,222,220,255,219,256,230,201,211,254,263,214,207.0,230,264,227,262,206,258,222,255,254,222,197,226,261,235,259,214,239,246,276,218,270,259,237,245,245,266,249,242,2018,0.4375
245,242,242,236,236,228,249,250,244,251,23.0,7 Delaware,CAA,243,250,244,235,246,251,245,237,251,233,241,238,215,241,252,244,230,258,225,239,226,278,218,226,255,249.0,254,222,239,230,258,212,250,220,262,245,265,243,213,229,230,238,247,248,214,247,233,233,245,236,219,229,245,230,2018,0.42424242424242425
253,240,238,239,241,225,215,253,246,255,23.0,8 Drexel,CAA,260,256,237,237,261,244,248,254,272,229,244,241,227,242,242,211,228,256,234,243,255,236,223,230,261,245.0,257,228,241,235,249,215,235,224,267,220,259,253,218,242,221,228,256,212,249,194,242,239,197,224,304,247,252,294,2018,0.3939393939393939
242,233,233,251,244,243,247,252,233,253,23.0,9 Long Island,NEC,228,225,243,241,266,255,254,243,264,219,249,256,266,252,263,253,232,257,260,259,242,262,247,256,225,236.0,258,249,268,239,237,234,236,255,249,227,249,231,263,203,251,277,266,209,286,236,232,210,217,205,240,194,202,235,2018,0.5294117647058824
238,231,237,235,246,237,253,222,250,250,24.0,0 Idaho St,BSC,235,251,239,232,237,220,227,244,233,236,269,262,234,276,236,261,242,227,228,278,233,249,232,231,251,251.0,227,233,259,241,265,236,214,224,212,241,210,241,244,260,236,219,253,245,237,247,268,264,210,285,272,258,260,283,2018,0.4666666666666667
246,257,228,238,238,255,263,245,226,234,24.0,1 Robert Morris,NEC,246,221,228,228,272,265,240,224,250,241,279,253,258,264,244,257,224,241,243,247,252,229,234,239,239,234.0,261,244,255,225,236,213,277,240,253,219,281,220,236,204,229,220,236,297,248,303,196,200,274,254,226,224,194,316,2018,0.48484848484848486
255,252,229,260,247,253,259,260,235,254,24.0,2 Boston Univ,PL,244,231,233,239,271,266,251,236,276,235,243,226,267,240,255,251,238,253,270,227,240,263,253,264,236,226.0,242,262,231,247,232,233,255,263,250,249,261,225,252,228,239,272,221,259,251,247,212,218,248,229,230,237,215,266,2018,0.4838709677419355
258,245,245,233,231,238,254,254,253,244,24.0,3 N Illinois,MAC,249,253,247,236,241,247,249,262,258,256,254,239,225,226,258,263,223,252,222,253,264,228,216,223,264,240.0,272,219,237,227,257,228,241,211,252,271,278,257,211,254,224,260,260,249,247,263,241,238,261,249,271,259,254,236,2018,0.40625
240,251,227,256,277,264,238,249,219,238,24.0,4 TX Southern,SWAC,242,236,276,277,214,264,243,228,223,246,260,242,296,263,243,222,272,240,259,238,239,230,296,280,231,274.0,240,255,243,249,234,265,292,286,237,175,268,227,257,192,261,237,250,203,211,236,222,237,235,256,251,204,244,290,2018,0.4411764705882353
227,244,249,263,240,245,226,247,221,212,24.0,5 Charleston So,BSo,238,246,258,261,259,246,261,245,252,249,229,271,268,272,265,239,258,261,267,258,275,239,265,253,207,253.0,246,263,274,261,218,259,216,267,235,257,250,237,254,259,226,289,240,224,246,194,261,257,231,216,273,236,235,160,2018,0.4838709677419355
234,237,253,254,254,239,232,236,258,258,24.0,6 James Madison,CAA,234,255,281,275,267,227,231,248,240,268,227,232,229,244,232,219,275,233,264,225,247,238,258,275,234,223.0,250,266,225,279,227,251,251,260,260,215,252,235,256,261,292,210,298,207,289,194,272,286,211,222,255,297,290,155,2018,0.3125
243,232,250,258,249,231,234,248,254,252,24.0,7 UNC Wilmington,CAA,257,268,264,250,255,239,257,265,255,242,230,223,237,213,248,247,257,255,242,222,241,255,241,249,253,239.0,276,239,226,258,244,241,232,237,276,250,257,258,235,268,269,282,264,188,242,194,245,270,173,252,288,262,275,262,2018,0.34375
239,236,252,240,253,251,228,235,271,259,24.0,8 Florida Intl,CUSA,231,239,252,263,250,226,232,269,229,255,250,249,245,250,224,233,267,224,249,266,232,227,260,250,245,227.0,249,260,250,269,262,271,226,248,232,226,245,244,274,255,257,205,271,254,279,236,295,276,258,241,250,269,268,203,2018,0.4375
252,246,244,249,261,224,245,230,273,264,24.0,9 Oral Roberts,SL,241,267,245,245,226,241,235,230,209,247,242,235,236,239,239,243,266,234,241,255,228,235,246,241,256,260.0,239,245,236,263,279,262,263,235,229,256,213,260,264,282,277,259,254,226,257,236,255,284,222,323,244,275,282,250,2018,0.34375
263,247,246,246,264,240,246,233,263,265,25.0,0 North Dakota,BSC,259,248,242,233,262,235,247,251,237,226,262,260,241,259,256,248,244,238,232,279,231,250,231,228,267,238.0,231,229,262,246,272,235,268,224,256,237,214,262,226,253,265,253,251,263,245,280,221,240,251,290,236,255,243,315,2018,0.375
241,243,239,255,260,261,250,246,224,246,25.0,1 Hampton,MEAC,253,232,278,259,231,261,259,231,254,278,276,261,275,269,268,260,254,272,257,261,250,260,274,261,230,235.0,273,252,263,237,253,261,212,274,270,239,291,221,265,214,250,263,267,242,227,236,237,220,249,283,194,169,204,224,2018,0.5588235294117647
226,260,261,259,237,257,233,240,223,209,25.0,2 High Point,BSo,230,242,273,272,245,248,241,242,239,280,239,255,262,262,246,229,265,242,263,240,214,245,267,267,200,232.0,255,274,249,268,199,264,270,269,261,242,285,229,268,266,244,251,255,303,259,247,273,265,323,255,266,254,248,127,2018,0.4666666666666667
259,253,254,234,233,250,262,259,243,230,25.0,3 UTRGV,WAC,269,252,227,282,229,256,260,250,260,244,270,273,224,248,257,275,221,263,215,272,277,252,221,217,275,266.0,267,215,271,218,274,222,288,211,245,258,294,269,220,245,215,240,224,291,221,303,229,226,322,327,274,233,222,292,2018,0.46875
248,263,262,250,242,267,251,255,240,243,25.0,4 NJIT,ASUN,254,237,270,262,260,254,253,256,247,276,252,265,263,268,245,252,253,246,261,252,213,241,259,247,242,224.0,245,259,260,255,235,269,295,260,241,251,260,245,262,263,247,246,265,305,244,280,268,246,285,262,220,249,236,191,2018,0.4666666666666667
236,254,258,261,258,259,239,242,264,240,25.0,5 FL Atlantic,CUSA,236,238,255,274,249,242,238,255,241,266,251,254,249,254,228,235,278,236,271,249,246,253,268,273,235,250.0,223,276,253,280,238,279,230,263,234,252,234,248,278,281,275,232,263,271,275,247,275,288,257,231,293,278,284,267,2018,0.3870967741935484
256,261,263,257,257,252,261,256,259,256,25.0,6 SE Missouri St,OVC,272,265,253,249,239,257,263,238,246,237,261,266,252,256,260,258,246,260,246,269,260,237,249,237,260,268.0,270,246,265,251,276,245,239,240,246,263,251,250,259,252,248,268,257,278,253,263,257,255,276,284,268,252,258,201,2018,0.45161290322580644
269,248,251,245,263,249,273,244,269,260,25.0,7 Southern Utah,BSC,268,272,240,229,254,245,252,259,256,212,287,282,235,292,259,284,240,251,231,299,267,251,227,232,284,258.0,236,227,296,240,295,237,259,224,274,269,233,280,232,258,245,257,258,258,260,263,252,256,220,275,265,256,259,265,2018,0.40625
244,256,270,247,250,256,243,243,275,267,25.0,8 UTEP,CUSA,251,244,261,267,268,249,246,271,228,264,256,243,255,246,241,238,269,247,252,246,262,217,261,266,262,241.0,244,258,244,271,251,295,257,248,280,240,254,265,267,270,274,243,277,257,271,247,293,277,250,250,243,280,274,247,2018,0.3548387096774194
264,258,243,264,267,258,269,267,257,266,25.0,9 Cornell,Ivy,255,249,234,244,263,267,268,253,278,261,255,251,265,261,266,269,250,265,272,251,254,269,257,270,258,262.0,253,268,256,257,259,248,227,265,243,291,238,270,247,297,258,262,217,243,224,263,248,245,240,276,216,263,250,270,2018,0.42857142857142855
265,269,255,266,268,265,266,269,251,241,26.0,0 New Orleans,SLC,261,259,249,253,243,273,262,247,266,254,248,267,272,251,262,240,262,264,268,270,281,256,273,248,254,246.0,279,277,264,266,261,253,249,269,244,248,272,240,231,265,255,265,231,247,234,263,239,251,267,292,300,228,239,238,2018,0.4838709677419355
254,264,257,269,255,263,255,261,236,224,26.0,1 Gardner Webb,BSo,270,257,254,258,256,269,281,266,270,265,272,264,270,266,279,265,260,281,269,263,248,272,264,259,233,264.0,259,265,275,260,239,255,267,267,264,276,263,264,238,269,242,296,235,260,252,218,244,252,256,235,222,238,238,251,2018,0.4375
257,262,268,265,265,254,258,257,248,245,26.0,2 E Illinois,OVC,276,275,268,264,258,259,265,264,261,245,258,259,259,271,250,249,268,259,254,256,258,243,263,258,248,261.0,247,256,257,270,240,257,266,255,248,264,256,263,260,264,273,252,270,253,261,247,262,272,259,268,264,271,269,214,2018,0.3870967741935484
261,274,267,267,256,262,264,262,252,231,26.0,3 Abilene Chr,SLC,263,254,257,260,241,271,267,246,235,259,263,276,271,265,253,262,263,268,266,260,282,267,272,255,240,255.0,265,278,276,267,254,260,262,275,247,286,271,246,258,267,249,269,261,281,256,247,260,244,286,265,284,215,219,183,2018,0.5161290322580645
250,259,256,275,284,278,244,234,265,275,26.0,4 Columbia,Ivy,223,261,299,302,281,231,219,268,238,295,222,218,298,255,218,205,308,215,313,205,217,246,308,314,216,229.0,226,312,209,311,198,307,258,312,223,231,224,228,312,301,310,212,288,262,292,218,316,309,239,243,238,322,311,208,2018,0.2962962962962963
266,255,279,242,251,247,260,273,287,294,26.0,5 Santa Clara,WCC,258,270,256,256,265,258,271,283,262,248,240,246,248,227,271,308,256,270,244,264,265,282,243,254,297,285.0,269,231,246,243,290,286,233,237,286,312,237,295,286,272,272,254,276,251,236,263,265,271,269,263,242,276,273,137,2018,0.3548387096774194
260,249,275,248,262,246,236,280,288,288,26.0,6 South Florida,AAC,262,274,279,270,264,263,276,286,275,263,280,257,240,249,273,273,259,275,236,281,278,290,244,251,302,306.0,264,236,270,252,289,277,246,230,317,281,241,306,253,247,268,258,281,244,265,247,278,280,194,217,260,290,286,273,2018,0.3125
268,276,260,272,288,287,265,272,242,269,26.0,7 Prairie View,SWAC,281,258,277,265,235,289,274,252,265,281,297,294,301,301,281,242,277,279,277,295,244,261,299,283,263,270.0,296,273,292,265,263,268,280,289,266,211,301,249,271,227,254,274,262,273,250,280,247,249,282,308,267,220,240,217,2018,0.47058823529411764
270,278,264,271,274,281,274,270,276,279,26.0,8 Brown,Ivy,252,262,263,279,292,262,250,275,269,284,253,263,279,253,249,254,280,248,289,254,256,268,281,291,257,273.0,251,296,254,285,256,281,248,289,238,284,244,252,301,299,280,249,249,265,263,247,298,282,275,215,277,300,278,285,2018,0.4074074074074074
267,281,273,273,272,266,278,284,261,249,26.0,9 North Florida,ASUN,300,276,250,251,247,293,298,260,274,252,283,285,264,283,309,302,249,302,248,300,272,274,252,238,278,298.0,266,243,290,244,306,244,299,247,307,293,284,300,228,275,227,311,232,272,228,289,218,253,268,322,225,225,246,302,2018,0.42424242424242425
277,292,266,278,276,286,282,265,272,276,27.0,0 Army,PL,250,241,274,283,290,280,256,235,243,298,245,252,280,278,254,266,284,250,301,231,261,273,292,301,241,254.0,263,304,247,293,225,275,306,300,257,254,273,234,302,249,285,255,273,318,294,303,280,274,317,211,248,296,271,227,2018,0.43333333333333335
274,266,280,280,273,276,276,271,274,263,27.0,1 WI Green Bay,HL,274,285,291,294,270,253,275,290,277,272,268,250,277,257,272,267,295,278,280,250,293,247,290,284,259,265.0,252,288,251,295,245,297,243,283,275,270,248,279,294,284,279,281,296,231,300,218,303,294,236,271,307,273,295,261,2018,0.3939393939393939
276,270,271,270,259,260,284,301,260,257,27.0,2 W Carolina,SC,308,282,241,248,276,305,314,287,304,260,292,306,256,273,311,310,234,315,239,298,308,314,230,229,283,318.0,308,230,309,232,293,232,265,233,295,318,307,310,221,276,241,319,213,274,213,263,215,234,300,281,262,235,242,332,2018,0.40625
272,272,269,284,275,274,297,274,262,271,27.0,3 F Dickinson,NEC,279,266,272,276,280,282,279,263,293,262,275,275,283,288,286,287,276,280,295,267,291,285,278,286,250,267.0,274,287,282,284,250,267,264,291,278,282,264,256,277,277,278,304,272,256,285,263,254,267,255,212,261,265,262,268,2018,0.41935483870967744
285,279,281,268,271,269,295,268,283,272,27.0,4 Montana St,BSC,280,289,262,255,256,268,266,261,268,271,264,278,250,279,275,274,271,269,262,275,276,289,255,265,287,291.0,277,269,278,273,277,250,284,251,284,265,262,277,276,257,270,266,282,301,296,303,284,279,297,287,279,282,277,246,2018,0.40625
262,265,288,262,269,273,268,266,284,280,27.0,5 Portland,WCC,266,294,282,286,269,250,264,299,257,267,265,269,253,260,261,304,289,262,265,276,269,276,269,271,279,279.0,238,267,261,277,280,298,272,255,273,302,253,299,269,293,281,229,289,288,266,263,286,299,280,253,276,279,309,300,2018,0.3125
288,275,259,286,283,277,300,290,278,302,27.0,6 Holy Cross,PL,267,260,275,281,306,291,282,270,297,270,290,268,287,258,280,286,282,283,300,257,289,291,284,303,265,269.0,283,295,272,287,260,276,254,297,268,274,266,255,289,271,295,294,275,205,302,218,264,266,190,214,246,299,266,286,2018,0.3870967741935484
278,273,284,252,252,270,292,292,291,301,27.0,7 Fordham,A10,278,280,271,271,284,290,273,297,300,291,266,258,238,243,274,279,261,276,245,271,283,280,236,268,294,278.0,288,247,258,264,287,278,261,235,263,278,275,308,250,287,283,231,269,304,280,289,290,285,308,238,254,304,298,324,2018,0.2903225806451613
287,268,265,281,280,280,270,277,280,295,27.0,8 Quinnipiac,MAAC,264,278,265,278,313,274,277,291,290,257,278,277,278,270,270,250,281,271,290,286,292,279,277,297,280,292.0,278,285,281,286,286,273,275,283,271,235,258,273,295,248,288,264,291,240,305,263,277,283,230,261,302,295,287,272,2018,0.36363636363636365
289,296,274,274,270,285,275,305,256,262,27.0,9 NC A&T,MEAC,306,271,260,257,251,319,310,267,294,290,327,311,295,321,315,277,243,312,273,311,294,299,266,257,286,295.0,314,261,316,238,304,246,279,273,320,259,322,271,266,212,233,314,248,313,241,329,238,221,316,298,305,171,200,276,2018,0.5882352941176471
271,267,295,276,305,292,252,264,312,310,28.0,0 Pepperdine,WCC,256,304,325,316,290,243,255,312,244,277,257,247,274,285,251,283,321,249,294,283,259,248,305,311,288,281.0,234,298,248,307,283,326,294,298,279,275,222,297,310,291,321,244,324,237,308,218,317,324,229,221,280,325,327,310,2018,0.1875
286,271,301,253,248,272,277,308,300,300,28.0,1 East Carolina,AAC,296,291,280,268,288,286,301,316,322,285,286,287,243,233,301,313,239,306,226,292,307,324,224,235,328,319.0,313,224,285,234,313,270,311,211,313,323,326,321,241,273,262,273,268,266,233,289,274,268,312,264,296,283,281,323,2018,0.3333333333333333
279,285,276,290,285,283,287,285,268,278,28.0,2 Bethune-Cookman,MEAC,313,279,285,280,252,303,304,258,289,305,311,309,300,312,302,292,274,307,282,310,268,265,293,278,268,312.0,302,283,311,272,292,274,247,291,290,289,304,259,300,236,263,315,283,289,268,280,288,261,273,312,318,195,237,232,2018,0.5625
290,282,277,285,278,306,304,288,289,293,28.0,3 MA Lowell,AEC,277,269,284,287,311,283,284,295,302,288,282,297,293,286,288,298,286,288,299,282,290,271,287,294,273,271.0,275,297,295,291,281,290,231,296,277,303,277,274,293,296,296,286,284,264,284,247,289,273,244,248,263,289,267,299,2018,0.4
284,284,287,279,279,282,296,279,282,270,28.0,4 NE Omaha,SL,305,311,289,284,273,270,283,298,271,283,274,272,269,267,282,290,292,282,275,277,284,275,271,272,289,297.0,262,275,269,283,266,282,301,266,293,305,274,313,272,302,298,283,274,300,269,263,285,296,305,304,285,284,300,330,2018,0.2903225806451613
294,277,283,277,282,268,294,275,301,291,28.0,5 Missouri KC,WAC,295,297,286,226,279,278,293,276,273,287,303,304,273,280,287,303,285,292,278,303,273,266,276,274,313,275.0,295,272,302,275,308,289,273,275,298,300,280,294,275,289,291,280,295,284,254,303,256,281,278,314,235,288,280,318,2018,0.3125
280,303,297,282,266,271,283,289,277,261,28.0,6 W Illinois,SL,286,296,266,269,283,297,309,281,287,274,304,299,260,287,303,312,273,304,276,290,271,286,262,243,274,299.0,284,271,304,274,270,272,287,255,300,338,293,312,273,316,266,299,252,285,230,263,302,289,313,297,299,272,283,297,2018,0.42857142857142855
293,293,272,287,292,301,279,296,255,277,28.0,7 Grambling,SWAC,288,283,259,254,296,308,306,272,307,269,308,323,303,308,314,278,264,313,274,321,301,293,282,276,293,310.0,322,270,322,254,312,238,281,275,302,266,323,283,299,262,231,318,234,290,262,303,249,232,289,320,331,190,216,307,2018,0.5483870967741935
291,289,286,293,295,284,267,281,295,285,28.0,8 Arkansas St,SBC,282,293,283,289,286,276,278,293,280,279,271,270,282,275,276,259,299,274,296,262,274,283,295,296,282,288.0,286,300,266,302,264,291,282,291,283,262,282,282,311,288,303,287,280,268,307,289,291,300,279,318,292,303,299,259,2018,0.34375
298,280,285,289,293,289,281,287,290,287,28.0,9 IUPUI,HL,292,298,288,291,275,287,287,292,288,289,267,283,285,277,295,276,294,291,287,274,295,264,289,288,295,290.0,285,289,280,292,282,293,253,287,288,294,267,289,309,309,290,291,279,269,293,280,294,291,263,282,294,292,288,241,2018,0.36666666666666664
282,287,292,292,286,279,288,286,285,286,29.0,0 E Kentucky,OVC,291,292,290,285,282,288,292,282,286,273,281,279,276,295,296,297,290,296,281,280,297,288,280,281,281,286.0,294,280,287,288,291,284,276,279,311,297,299,285,282,305,293,295,286,276,287,263,271,290,271,295,298,291,292,213,2018,0.3548387096774194
281,294,298,295,289,311,289,283,279,282,29.0,1 New Hampshire,AEC,271,277,310,311,323,281,269,302,284,309,259,274,308,274,269,255,310,267,320,245,266,277,310,312,246,243.0,290,314,267,312,229,315,303,313,255,261,279,266,307,303,314,250,307,302,301,263,312,307,299,219,259,310,313,254,2018,0.3225806451612903
273,283,294,283,291,275,271,263,302,297,29.0,2 UC Riverside,BWC,273,300,298,293,273,272,270,279,267,275,289,286,261,299,267,272,298,266,279,291,263,300,279,287,285,280.0,271,281,284,298,285,288,285,269,269,279,269,287,290,298,309,275,314,283,309,303,300,311,264,300,323,317,317,328,2018,0.2903225806451613
301,297,290,291,290,297,301,316,266,273,29.0,3 Savannah St,MEAC,331,264,269,266,285,320,332,285,298,302,321,327,304,316,325,335,252,331,258,327,285,312,275,260,310,324.0,318,250,329,231,314,263,310,275,326,324,319,307,237,280,232,332,229,308,191,314,197,215,309,307,213,207,211,342,2018,0.46875
296,300,282,297,287,303,299,309,267,274,29.0,4 NC Central,MEAC,299,287,293,292,287,315,313,289,295,282,323,295,313,296,313,296,279,311,293,296,328,287,298,279,290,296.0,311,286,306,278,271,280,293,303,325,267,310,272,292,223,271,323,292,267,281,289,279,254,277,310,312,192,232,271,2018,0.5588235294117647
283,290,293,296,299,291,305,297,286,283,29.0,5 Samford,SC,304,307,303,300,277,292,300,294,292,308,273,281,286,290,297,306,303,300,283,265,279,298,297,292,277,300.0,280,294,277,296,278,296,297,291,309,309,295,304,270,295,301,305,293,275,278,280,296,301,291,302,281,285,304,245,2018,0.3125
275,295,303,301,302,290,272,276,293,296,29.0,6 Morehead St,OVC,284,288,306,303,278,277,294,273,263,296,285,284,284,294,299,268,304,297,302,293,270,281,303,302,269,277.0,289,303,288,304,288,301,318,304,304,306,270,281,284,318,307,300,302,279,282,289,292,306,304,280,278,311,305,288,2018,0.27586206896551724
302,286,289,294,296,288,286,306,297,299,29.0,7 Cleveland St,HL,301,295,292,295,297,298,303,308,317,251,301,290,292,284,304,294,291,305,292,285,298,294,288,293,306,304.0,298,284,294,289,299,292,271,287,299,285,287,303,291,256,284,303,303,261,322,247,283,287,254,288,301,287,285,301,2018,0.34285714285714286
305,306,278,288,281,295,311,307,281,289,29.0,8 Central Conn,NEC,294,286,267,273,309,316,296,280,312,292,307,312,290,315,298,299,270,295,286,315,304,305,270,285,298,308.0,300,282,313,276,309,256,302,280,291,283,317,284,287,251,276,285,278,306,299,322,263,263,294,278,313,274,261,305,2018,0.4375
295,291,291,310,312,310,302,278,306,315,29.0,9 Lafayette,PL,275,273,309,310,300,285,280,278,281,312,298,291,312,293,278,285,312,277,321,268,300,270,314,324,270,272.0,293,323,286,317,273,309,269,324,265,277,300,251,318,292,318,290,312,280,328,280,311,304,265,270,252,321,302,289,2018,0.3225806451612903
292,299,302,304,300,296,291,304,304,292,30.0,0 Chattanooga,SC,307,306,307,307,294,304,307,305,303,297,284,296,294,282,293,289,301,299,298,288,299,284,300,295,292,276.0,292,301,293,303,284,304,304,291,292,296,292,301,279,278,300,297,308,299,315,247,304,305,292,274,283,305,303,279,2018,0.30303030303030304
306,302,299,308,301,293,309,310,296,307,30.0,1 St Francis NY,NEC,283,281,287,288,314,314,305,277,309,299,277,319,302,319,310,311,287,301,304,305,310,307,291,299,296,293.0,321,302,318,297,301,283,300,304,297,299,306,275,303,279,287,307,294,296,303,322,276,275,318,301,286,286,272,243,2018,0.41935483870967744
297,310,300,314,307,305,293,291,294,281,30.0,2 McNeese St,SLC,297,301,296,304,298,296,299,288,283,293,305,313,316,313,283,295,306,293,310,307,319,295,318,304,266,287.0,291,313,317,308,297,302,278,313,285,310,297,286,281,322,289,320,285,295,270,289,297,303,272,303,295,293,289,312,2018,0.39285714285714285
311,304,304,303,310,312,310,300,311,325,30.0,3 Siena,MAAC,293,299,301,305,319,301,295,303,306,315,299,280,289,281,294,291,302,294,308,289,288,301,304,315,305,282.0,306,307,273,306,296,299,317,307,294,268,298,293,297,294,317,293,312,321,316,314,299,298,301,266,253,313,310,293,2018,0.25
304,298,313,300,313,300,298,282,315,314,30.0,4 CS Sacramento,BSC,298,315,321,313,289,275,272,306,279,306,296,298,288,310,291,282,320,273,305,313,280,297,309,309,307,284.0,281,308,298,315,305,313,320,300,258,272,255,298,308,310,320,276,335,315,324,289,309,323,284,293,289,330,322,308,2018,0.21875
318,288,296,299,297,298,317,313,303,309,30.0,5 Norfolk St,MEAC,314,290,305,296,315,311,315,284,308,323,312,315,327,309,312,319,288,314,315,316,309,316,302,300,311,294.0,325,293,314,281,315,312,290,319,306,298,302,276,316,283,294,313,315,307,274,289,266,262,296,324,275,268,257,263,2018,0.42424242424242425
308,308,307,307,294,302,303,319,292,290,30.0,6 Jacksonville,ASUN,318,308,295,290,293,323,322,307,323,294,322,318,309,311,322,323,283,321,284,318,315,309,283,277,312,320.0,303,279,321,282,321,300,286,281,327,320,315,316,288,285,253,334,290,294,288,289,282,278,314,334,303,250,264,306,2018,0.45454545454545453
303,311,308,309,309,304,290,294,307,304,30.0,7 TN Martin,OVC,309,305,311,308,309,295,291,300,285,300,294,288,305,297,290,280,305,286,307,287,286,318,306,306,299,289.0,307,305,283,310,300,305,312,307,305,280,289,292,319,300,311,278,311,324,312,314,306,315,311,319,320,315,312,284,2018,0.3225806451612903
299,317,305,313,308,322,314,302,308,305,30.0,8 Binghamton,AEC,285,284,312,314,322,310,289,304,299,317,295,305,315,307,292,288,314,290,322,284,287,313,315,316,272,263.0,287,325,301,318,267,318,308,320,282,295,308,278,322,304,313,270,309,317,314,289,320,308,302,289,282,316,307,295,2018,0.3548387096774194
307,301,311,312,298,294,280,315,299,284,30.0,9 Citadel,SC,319,318,294,299,305,302,325,320,325,286,319,321,299,317,323,309,293,332,291,324,311,311,294,282,308,313.0,301,291,323,294,302,287,291,283,319,333,303,326,285,315,282,330,287,293,283,280,281,293,287,291,316,277,297,331,2018,0.34375
313,312,309,315,311,299,285,293,322,319,31.0,0 Ark Little Rock,SBC,303,303,308,315,312,306,290,296,291,307,291,293,311,303,289,271,316,289,323,301,305,302,311,321,301,283.0,305,318,291,322,298,328,316,320,308,287,283,290,321,312,332,288,335,277,333,247,308,319,270,309,257,331,321,280,2018,0.21875
300,309,306,302,304,309,307,312,298,298,31.0,1 Kennesaw,ASUN,310,309,302,301,300,299,302,311,305,314,318,303,307,302,305,314,300,303,297,306,326,310,301,298,303,303.0,309,299,299,299,307,303,296,300,301,304,309,311,280,314,299,298,304,287,290,280,301,302,332,325,321,298,296,309,2018,0.3333333333333333
316,316,312,318,315,317,308,311,313,303,31.0,2 TAM C. Christi,SLC,302,314,304,312,302,309,308,301,320,304,293,300,317,291,308,293,315,308,311,297,317,315,323,307,309,305.0,324,320,300,316,316,311,298,317,242,313,312,305,304,326,302,302,301,286,298,263,326,318,288,321,340,307,306,278,2018,0.3793103448275862
315,313,314,305,303,307,312,318,309,308,31.0,3 SIUE,OVC,321,316,297,297,308,312,318,309,314,301,310,320,291,318,316,321,296,317,288,319,303,322,286,290,315,,320,290,319,290,319,285,309,281,314,321,296,322,296,308,306,310,297,314,295,303,287,295,310,305,309,314,293,317,2018,0.3
310,314,310,320,323,316,313,299,316,318,31.0,4 Dartmouth,Ivy,287,310,315,323,328,294,285,314,301,320,288,289,324,304,285,281,328,285,331,273,318,317,329,330,291,309.0,282,331,279,332,269,323,307,331,296,308,288,291,325,333,324,279,299,311,306,289,334,328,303,273,324,334,325,287,2018,0.25925925925925924
309,307,320,298,318,313,306,298,321,326,31.0,5 San Jose St,MWC,311,328,327,322,307,279,286,326,282,319,300,292,297,298,277,317,327,284,303,304,312,304,313,318,320,321.0,268,306,289,314,311,321,319,298,281,314,286,323,298,323,331,271,335,298,313,289,314,333,298,272,310,337,337,341,2018,0.10344827586206896
314,305,319,311,324,314,315,295,327,323,31.0,6 Rice,CUSA,289,320,326,328,299,284,288,321,296,311,306,301,306,289,284,305,329,287,306,302,306,303,324,319,318,301.0,299,321,297,327,322,330,289,309,287,290,290,314,315,328,329,267,335,282,325,303,328,331,293,311,287,329,334,314,2018,0.22580645161290322
321,323,321,306,306,308,320,321,317,312,31.0,7 Cal Poly,BWC,326,327,300,298,295,322,312,322,318,303,302,316,281,306,300,320,297,309,285,317,325,296,285,289,331,315.0,304,292,312,300,326,294,324,272,315,316,316,324,283,317,305,301,310,335,310,329,305,310,330,316,337,318,314,320,2018,0.2903225806451613
312,315,318,317,316,320,325,303,318,324,31.0,8 Sacred Heart,NEC,290,302,322,318,329,300,297,315,313,318,316,308,320,320,306,318,318,298,325,308,296,320,317,325,300,311.0,312,326,307,323,303,320,305,327,289,307,305,296,328,313,323,309,335,319,326,289,321,316,290,279,315,320,320,298,2018,0.3225806451612903
322,321,317,324,321,319,323,324,319,327,31.0,9 Loyola MD,PL,312,313,317,319,327,324,317,319,326,313,309,307,322,300,317,315,319,316,330,294,314,325,321,327,314,302.0,310,327,305,325,294,317,330,327,310,315,313,309,326,307,326,312,315,309,329,303,322,313,315,244,311,326,315,321,2018,0.2903225806451613
319,322,316,319,325,330,322,327,305,313,32.0,0 Southern Univ,SWAC,323,312,314,306,302,327,323,313,321,322,326,324,329,324,328,307,307,325,312,325,331,321,328,313,317,325.0,328,310,325,301,323,308,315,320,323,292,332,317,314,290,286,322,305,327,291,329,315,292,329,330,330,253,294,311,2018,0.45454545454545453
317,324,324,321,317,315,319,314,320,311,32.0,1 Stetson,ASUN,316,317,316,317,318,317,316,310,311,316,317,314,314,325,324,301,317,319,318,323,302,292,312,308,316,307.0,315,316,310,319,320,316,313,311,312,317,325,315,320,311,308,308,326,323,319,322,325,321,325,337,325,308,316,291,2018,0.375
320,319,325,316,319,321,318,317,328,321,32.0,2 Charlotte,CUSA,317,324,320,324,320,307,311,325,316,321,314,302,310,305,307,322,325,310,309,314,316,306,319,322,322,323.0,297,317,303,321,317,324,327,309,303,322,320,325,317,330,325,284,326,325,304,314,323,329,321,277,329,338,333,334,2018,0.20689655172413793
327,326,327,322,322,325,324,322,325,316,32.0,3 Detroit,HL,320,323,323,327,317,318,320,328,315,327,313,310,319,314,320,324,323,322,319,309,320,319,322,317,325,314.0,319,319,308,320,310,327,314,313,331,325,321,327,313,327,319,306,320,320,321,314,318,322,320,294,308,323,324,274,2018,0.25
325,320,315,323,327,324,326,330,310,328,32.0,4 Ark Pine Bluff,SWAC,322,319,313,309,304,330,324,318,324,310,329,329,330,327,327,326,309,323,316,330,335,329,325,323,326,334.0,326,311,332,305,331,306,323,320,318,288,329,319,327,286,297,333,320,316,330,322,307,297,307,331,327,281,291,319,2018,0.4
326,318,323,326,328,323,321,320,330,333,32.0,5 Marist,MAAC,315,321,328,330,331,313,319,323,319,328,320,317,321,322,318,300,326,318,329,322,321,323,326,333,324,317.0,317,328,315,330,325,329,322,329,316,301,311,318,330,325,337,317,335,310,336,303,324,326,295,296,297,336,328,326,2018,0.1935483870967742
323,329,326,325,314,328,316,334,314,306,32.0,6 Presbyterian,BSo,332,326,318,321,324,333,331,332,332,325,333,337,325,332,330,316,311,330,317,334,332,335,316,310,319,316.0,333,315,337,313,330,314,328,317,330,326,334,328,306,319,304,316,306,337,311,314,319,312,335,315,326,302,301,296,2018,0.34375
328,330,322,330,329,331,327,323,324,322,32.0,7 Morgan St,MEAC,324,322,329,326,316,328,328,317,310,331,335,328,331,330,326,325,322,324,324,326,323,308,330,326,321,326.0,335,329,327,324,324,319,321,330,322,311,330,302,332,306,312,328,326,330,320,329,327,314,327,328,332,301,308,304,2018,0.40625
330,325,330,328,326,326,328,325,326,320,32.0,8 Youngstown St,HL,325,330,324,325,325,321,327,331,330,326,315,322,323,323,321,327,324,326,327,320,327,328,320,320,329,330.0,316,322,320,328,318,322,326,313,321,329,314,331,324,332,328,327,317,322,335,322,329,327,319,306,319,327,331,269,2018,0.25
324,327,328,327,320,318,329,331,323,317,32.0,9 VMI,SC,333,329,319,320,326,335,334,329,335,324,331,334,318,328,334,333,313,334,314,332,333,330,307,305,330,329.0,334,309,335,309,332,310,325,306,332,344,333,334,305,329,315,326,300,332,297,322,313,317,333,326,322,312,319,327,2018,0.3
331,332,329,332,332,332,334,329,333,340,33.0,0 American Univ,PL,328,325,333,334,338,329,326,324,328,335,325,325,332,326,329,332,334,327,342,312,322,331,333,342,323,322.0,329,340,324,339,327,335,329,336,324,331,328,320,343,331,341,331,335,312,338,314,336,335,306,299,291,343,332,275,2018,0.2
329,331,334,331,330,329,330,328,336,338,33.0,1 CS Northridge,BWC,327,336,332,332,333,325,321,334,331,329,324,326,326,329,319,331,333,320,328,328,329,327,331,329,336,332.0,331,330,326,335,333,334,331,325,333,334,318,333,336,337,336,321,326,328,340,329,340,341,328,336,336,344,342,337,2018,0.2
335,328,333,329,331,327,335,326,340,342,33.0,2 Northern Arizon,a BSC,330,333,331,329,337,326,329,327,329,332,330,333,328,336,333,334,332,328,326,338,313,326,327,328,339,337.0,327,324,333,329,343,331,338,326,329,330,327,335,329,334,340,324,335,329,332,337,310,334,331,341,317,341,335,333,2018,0.15625
336,336,332,333,333,334,336,337,329,330,33.0,3 Jackson St,SWAC,337,331,330,331,321,339,336,330,337,333,332,336,336,335,336,329,330,336,332,335,336,336,334,332,333,338.0,343,332,336,326,336,325,334,332,338,328,337,330,333,321,316,338,335,334,317,342,330,320,338,335,343,294,318,329,2018,0.375
332,333,331,334,334,336,332,333,334,335,33.0,4 Maine,AEC,329,335,334,340,343,332,330,338,338,334,328,335,334,333,331,328,340,329,344,329,330,333,337,341,327,331.0,323,342,334,341,329,340,335,339,328,332,324,332,339,339,344,325,335,326,345,322,338,339,324,313,339,342,340,343,2018,0.1875
337,334,335,335,337,335,333,335,332,331,33.0,5 Howard,MEAC,334,334,338,335,335,338,335,333,333,338,336,331,337,339,335,330,335,335,338,337,334,340,336,336,335,333.0,338,337,330,336,335,333,340,338,337,319,344,329,342,324,330,337,322,339,344,344,339,336,339,340,342,324,330,303,2018,0.30303030303030304
334,341,340,339,341,344,337,332,338,329,33.0,6 Houston Bap,SLC,336,340,343,347,341,331,333,340,327,343,334,330,342,331,332,336,346,333,343,331,324,332,347,344,332,327.0,330,345,328,345,328,347,342,345,335,335,331,337,338,341,343,329,335,343,339,329,345,347,341,317,328,339,343,313,2018,0.1935483870967742
333,338,338,337,338,341,341,336,331,332,33.0,7 Alcorn St,SWAC,339,338,337,338,330,336,337,337,339,339,340,338,341,338,339,342,339,338,336,339,341,342,341,338,334,341.0,337,338,338,337,337,338,332,342,334,341,340,339,337,340,327,340,319,336,327,335,348,337,337,345,348,309,338,338,2018,0.34375
340,335,337,336,343,338,339,339,337,343,33.0,8 Alabama St,SWAC,338,332,339,337,334,337,340,335,336,337,338,342,340,342,340,339,337,341,337,341,346,338,340,343,338,340.0,345,336,341,333,340,337,333,339,336,336,341,336,344,335,335,342,326,333,334,335,333,330,336,338,338,328,329,335,2018,0.25806451612903225
338,339,342,342,335,333,331,340,342,341,33.0,9 Longwood,BSo,335,337,335,339,336,342,343,341,344,330,339,343,333,343,343,340,338,343,334,343,340,339,335,334,337,336.0,340,339,345,340,342,339,339,333,344,345,335,341,334,338,338,344,322,341,346,314,337,338,326,332,314,340,336,345,2018,0.21212121212121213
343,337,336,340,342,337,344,341,335,337,34.0,0 Florida A&M,MEAC,343,341,340,336,339,343,341,336,341,336,343,341,339,345,341,341,336,342,335,342,343,337,338,337,342,339.0,341,334,343,334,341,336,341,336,341,327,343,338,340,320,334,341,331,331,341,337,332,332,334,339,344,319,326,344,2018,0.2647058823529412
342,340,339,338,336,339,342,343,339,334,34.0,1 S Carolina St,MEAC,344,339,336,333,342,345,344,339,343,342,345,344,338,340,344,344,331,344,333,344,337,345,332,331,343,344.0,342,333,342,331,344,332,337,335,343,342,342,342,335,336,322,343,335,340,323,337,331,325,343,347,345,306,323,339,2018,0.3125
339,342,341,341,339,340,338,338,341,336,34.0,2 SC Upstate,ASUN,340,343,341,341,331,334,338,342,334,341,337,332,335,337,337,337,341,337,339,333,338,334,339,335,341,335.0,336,341,331,342,338,341,345,334,340,340,338,340,331,345,339,336,335,342,343,337,344,344,340,343,333,335,345,322,2018,0.21875
341,344,343,343,340,346,340,342,343,339,34.0,3 Incarnate Word,SLC,341,342,342,345,340,340,339,345,340,340,342,339,344,334,338,338,345,339,341,336,342,341,346,340,340,328.0,332,347,339,346,334,345,336,343,339,346,336,343,341,349,333,335,317,344,318,337,347,343,344,333,306,333,339,325,2018,0.25
345,345,345,345,344,343,348,344,346,347,34.0,4 Bryant,NEC,342,344,344,343,349,341,342,346,347,344,341,340,345,344,342,345,344,340,348,340,339,344,342,348,344,343.0,344,346,340,348,339,344,346,344,342,343,346,344,347,344,348,339,331,347,348,344,341,346,347,329,334,349,347,340,2018,0.0967741935483871
344,343,344,344,345,342,343,346,344,344,34.0,5 Chicago St,WAC,346,348,347,346,345,344,348,348,345,345,347,346,343,348,348,348,347,348,340,347,345,348,345,339,346,348.0,339,335,348,338,347,346,348,341,348,350,339,349,323,342,345,348,324,345,337,346,335,345,346,342,341,345,348,351,2018,0.09375
346,347,348,347,347,345,347,345,349,348,34.0,6 Northwestern LA,SLC,345,346,345,348,344,346,347,343,342,346,346,345,347,341,347,347,348,347,347,345,344,343,348,346,348,342.0,348,348,344,347,346,349,343,348,346,351,345,346,348,351,346,345,335,346,331,342,342,348,345,348,335,347,346,336,2018,0.13793103448275862
347,346,346,346,346,347,345,347,345,345,34.0,7 Coppin St,MEAC,347,345,348,342,348,348,346,349,348,348,348,348,346,346,346,346,343,346,346,346,348,346,343,347,347,346.0,346,343,346,344,345,343,344,346,347,339,348,345,346,343,347,347,335,349,347,348,343,342,349,346,347,346,344,350,2018,0.15625
349,349,349,349,348,349,349,349,348,346,34.0,8 MD E Shore,MEAC,350,347,346,344,347,349,350,344,349,349,349,349,348,347,351,349,342,351,345,349,349,351,344,345,349,349.0,351,344,349,343,351,342,349,347,350,349,349,348,345,347,342,350,331,348,342,350,346,340,350,351,346,332,341,346,2018,0.21875
348,348,347,348,349,348,346,348,347,349,34.0,9 MS Valley St,SWAC,348,349,349,349,346,347,345,347,346,347,344,347,349,349,345,343,349,345,349,348,347,347,349,350,345,345.0,347,349,347,349,348,348,347,349,345,337,347,347,349,346,349,346,335,338,349,346,349,349,342,349,350,348,349,347,2018,0.125
350,350,351,351,350,351,350,350,351,350,35.0,0 Delaware St,MEAC,349,350,351,351,351,350,351,350,350,351,350,350,350,350,350,350,351,350,351,350,351,349,351,349,350,347.0,350,351,350,351,349,351,350,351,351,347,351,350,350,350,350,351,331,350,351,349,351,351,348,344,349,350,351,348,2018,0.125
351,351,350,350,351,350,351,351,350,351,35.0,1 Alabama A&M,SWAC,351,351,350,350,350,351,349,351,351,350,351,351,351,351,349,351,350,349,350,351,350,350,350,351,351,350.0,349,350,351,350,350,350,351,350,349,348,350,351,351,348,351,349,335,351,350,351,350,350,351,350,351,351,350,349,2018,0.0967741935483871
